,date,  ,$1_million,$43_billion,$6.3_billion,'d,"1,000",100,109,10_years_ago,"15,180.1_million",2,2021,2021-2028,2022,2022-2028,2025,2026,2027,2028,2029,2030,22%,3,300,40%,5,500,52-week,BerkshireHathaway,DowJonesIndex,a_21st_century,accord,account,acquire,add,amazon,amid,analyst,analytica,analytics,announce,appexchange,apple,application,april,artificial,astute,at&t,automation,avoid,bargain,barrel,base,bear,beat,best,bet,better,beyond,bid,big,biggest,blog,blue,bn,board,boost,bose,business,buy,buyout,cagr,call,capital,chain,chairman,change,charge,check,chip,client,cloud,code,commerce,company,complete,computing,continue,cool,correction,could,crm,crude,customer,data,datadog,deal,despite,development,digital,director,dive,domo,dow_jones,downgrade,due,earnings,education,elon,else,end,energy,enterprise,entry,equal,esg,etf,exhibit,expand,expect,experience,facebook,facelift,fall,fed,field,financial,first,flow,focus,follow,forecast,fortune,friday,fund,funding,future,gain,give,global,goldman,google,green,growth,higher,hightouch,hit,hold,holistic,home,idea,inc,incident,include,index,industry,inflation,insights,intelligence,introduce,invesco,invest,investment,investor,join,jones,know,last_week's,launch,lead,leanix,list,long,look,loss,management,march,mark_zuckerberg,market,marketing,marketplace,medium,meta,microsoft,minute,move,much,mulesoft,musk,nasdaq,near,netflix,new,news,nvidia,nyse,offer,oil,okta,opportunity,originate,outpace,parent,partner,pay,perform,platform,play,point,pop,portfolio,position,powell,price,professional,program,propel,q1,q4,qualtrics_international_inc.,quantum,quiq,rally,reach,record,relationship,report,research,revenue,reverse,right,rise,ryt,saas,sale,salesforce,salesforce.com,say,scream,security,segment,sell,series,service,servicenow,since,sink,size,software,solution,sp500,spendedge,split,spot,start,stock,street,strength,strong,suite,supply,surge,system,target,technavio,technology,term,tesla,this_week,time,today,top,trade,transcript,transformation,trend,turn,twitter,unstoppable,upside,upstart,usd,value,video,vs.,wall,want,weight,whale,work,world,worst,worth,would,zacks,zoom,|,™,n_headlines,n_positive,n_neutral,n_negative,average_score_positive,average_score_neutral,average_score_negative,average_combined_score,state,state_RW,open,high,low,close,adjusted close,volume,dividend amount,split coefficient,logreturn_OC,logreturn_CC,logreturn_OO,logreturn_CO,zlogreturn,IP_Pos_OC,IP_Neg_OC,IP_Pos_CC,IP_Neg_CC,IP_Pos_OO,IP_Neg_OO,IP_Pos_CO,IP_Neg_CO,RFIP_Pos_OC,RFIP_Neg_OC,RFIP_Pos_OO,RFIP_Neg_OO,RFIP_Pos_CC,RFIP_Neg_CC,RFIP_Pos_CO,RFIP_Neg_CO
0,2022-03-01,0.0,0.0,0.0,0.0,0.0,0.0,0.0,0.0,0.0,0.0,0.0,0.0,0.0,0.3882339117103869,0.0,0.0,0.0,0.0,0.0,0.0,0.0,0.0,0.0,0.0,0.0,0.0,0.0,0.0,0.0,0.0,0.0,0.0,0.0,0.0,0.0,0.0,0.0,0.0,0.0,0.0,0.0,0.0,0.0,0.0,0.0,0.0,0.0,0.0,0.0,0.0,0.0,0.0,0.0,0.0,0.0,0.0,0.0,0.45645736318755536,0.0,0.0,0.0,0.0,0.0,0.0,0.0,0.0,0.0,0.0,0.0,0.3009005311998023,0.0,0.0,0.0,0.0,0.0,0.0,0.0,0.0,0.0,0.0,0.0,0.0,0.0,0.0,0.0,0.0,0.0,0.0,0.0,0.0,0.0,0.0,0.0,0.0,0.0,0.0,0.0,0.0,0.0,0.0,0.0,0.0,0.0,0.0,0.0,0.0,0.0,0.0,0.0,0.0,0.0,0.0,0.0,0.0,0.0,0.0,0.0,0.0,0.0,0.0,0.0,0.0,0.0,0.0,0.0,0.0,0.0,0.0,0.0,0.0,0.0,0.0,0.0,0.0,0.0,0.0,0.0,0.0,0.0,0.0,0.0,0.0,0.0,0.0,0.0,0.0,0.0,0.0,0.0,0.0,0.0,0.0,0.0,0.0,0.0,0.0,0.0,0.0,0.0,0.0,0.0,0.0,0.0,0.0,0.0,0.0,0.0,0.0,0.0,0.0,0.0,0.0,0.0,0.0,0.0,0.0,0.0,0.0,0.0,0.0,0.0,0.0,0.0,0.45645736318755536,0.0,0.0,0.0,0.0,0.0,0.0,0.0,0.0,0.0,0.0,0.0,0.0,0.0,0.0,0.0,0.0,0.0,0.0,0.0,0.0,0.0,0.0,0.0,0.0,0.0,0.0,0.0,0.0,0.0,0.0,0.0,0.0,0.0,0.0,0.0,0.0,0.0,0.0,0.0,0.0,0.0,0.0,0.0,0.0,0.0,0.0,0.0,0.0,0.0,0.0,0.0,0.0,0.3814432445156388,0.0,0.0,0.0,0.0,0.0,0.0,0.0,0.0,0.0,0.0,0.0,0.0,0.0,0.0,0.0,0.0,0.0,0.0,0.0,0.0,0.0,0.0,0.0,0.0,0.0,0.0,0.0,0.0,0.0,0.0,0.0,0.0,0.0,0.0,0.0,0.0,0.0,0.0,0.0,0.0,0.0,0.0,0.0,0.0,0.0,0.0,0.0,0.443314451060237,0.0,0.0,0.0,0.0,0.0,0.0,0.0,0.0,0.0,0.0,0.0,0.0,0.0,1.0,1.0,0.0,0.0,0.9352970123291016,0.0541971735656261,0.0105058420449495,0.0541971735656261,Positive,Positive,213.4,214.39,208.46,208.89,207.710168542586,12587317.0,0.0,1.0,-0.0213605412,-0.0078203632,0.0266403846,0.0135401781,-0.99152395,0.0,0.0,0.0,0.0,1.0,0.0,1.0,0.0,0.01,0.06,0.04,0.695,,,,
1,2022-03-02,,,,,,,,,,,,,,,,,,,,,,,,,,,,,,,,,,,,,,,,,,,,,,,,,,,,,,,,,,,,,,,,,,,,,,,,,,,,,,,,,,,,,,,,,,,,,,,,,,,,,,,,,,,,,,,,,,,,,,,,,,,,,,,,,,,,,,,,,,,,,,,,,,,,,,,,,,,,,,,,,,,,,,,,,,,,,,,,,,,,,,,,,,,,,,,,,,,,,,,,,,,,,,,,,,,,,,,,,,,,,,,,,,,,,,,,,,,,,,,,,,,,,,,,,,,,,,,,,,,,,,,,,,,,,,,,,,,,,,,,,,,,,,,,,,,,,,,,,,,,,,,,,,,,,,,,,,,,,,,,,,,,,,,,,,,,,,0.02,0.05,0.02,0.76
2,2022-03-04,0.0,0.0,0.0,0.0,0.0,0.0,0.0,0.0,0.0,0.0,0.0,0.0,0.0,0.0,0.0,0.0,0.0,0.0,0.0,0.0,0.0,0.0,0.0,0.0,0.0,0.0,0.0,0.0,0.0,0.0,0.0,0.0,0.0,0.0,0.0,0.0,0.0,0.0,0.0,0.0,0.0,0.0,0.0,0.0,0.0,0.0,0.0,0.0,0.0,0.0,0.0,0.0,0.0,0.0,0.0,0.0,0.0,0.0,0.0,0.0,0.0,0.0,0.0,0.0,0.0,0.0,0.0,0.0,0.0,0.0,0.0,0.0,0.0,0.0,0.0,0.0,0.0,0.0,0.0,0.0,0.0,0.0,0.0,0.0,0.0,0.0,0.0,0.0,0.0,0.0,0.0,0.0,0.0,0.0,0.0,0.0,0.0,0.0,0.0,0.0,0.0,0.0,0.0,0.0,0.0,0.0,0.0,0.0,0.0,0.0,0.0,0.0,0.0,0.0,0.0,0.0,0.0,0.0,0.0,0.0,0.0,0.0,0.0,0.0,0.0,0.0,0.0,0.0,0.0,0.0,0.0,0.0,0.0,0.0,0.0,0.0,0.0,0.0,0.0,0.0,0.0,0.0,0.0,0.0,0.0,0.0,0.0,0.0,0.0,0.0,0.0,0.0,0.0,0.0,0.0,0.0,0.0,0.0,0.0,0.0,0.0,0.0,0.0,0.0,0.0,0.0,0.0,0.0,0.0,0.0,0.0,0.0,0.0,0.0,0.0,0.0,0.0,0.0,0.31288251665005007,0.0,0.0,0.0,0.0,0.0,0.0,0.0,0.0,0.0,0.0,0.0,0.0,0.0,0.0,0.0,0.0,0.0,0.0,0.0,0.0,0.0,0.0,0.0,0.0,0.0,0.0,0.0,0.0,0.0,0.0,0.0,0.0,0.0,0.0,0.0,0.0,0.0,0.0,0.0,0.0,0.0,0.0,0.0,0.0,0.0,0.0,0.0,0.0,0.0,0.0,0.0,0.0,0.0,0.0,0.0,0.0,0.0,0.0,0.0,0.0,0.0,0.0,0.0,0.0,0.0,0.0,0.0,0.0,0.0,0.0,0.0,0.0,0.0,0.0,0.0,0.0,0.0,0.0,0.0,0.0,0.0,0.0,0.0,0.0,0.0,0.0,0.0,0.0,0.0,0.0,0.6894414204030505,0.0,0.0,0.0,0.0,0.0,0.0,0.0,0.0,0.0,0.0,0.0,0.0,0.0,0.0,0.0,0.0,0.0,0.0,0.0,0.6532802297692435,0.0,0.0,0.0,0.0,0.0,0.0,0.0,0.0,1.0,0.0,1.0,0.0,0.0380666106939315,0.9271946549415588,0.0347387008368968,0.9271946549415588,Positive,Positive,204.7,206.38,199.26,203.01,201.863379366319,6816423.0,0.0,1.0,-0.0082902538,-0.0085344838,-0.0274174585,-0.0002442301,-0.40279143,0.0,0.0,0.0,0.0,0.0,1.0,0.0,0.0,0.03,0.58,0.02,0.04,,,,
3,2022-03-07,0.0,0.0,0.0,0.0,0.0,0.0,0.0,0.0,0.0,0.0,1.092422418230514,0.0,0.0,0.0,0.0,0.0,0.0,0.0,0.0,0.0,0.0,0.0,0.7334509197690419,0.0,0.0,0.0,0.0,0.0,0.0,0.7234766877865638,0.0,0.0,0.0,0.0,0.0,0.0,0.0,0.0,0.0,0.0,0.0,0.0,0.0,0.0,0.0,0.0,0.0,0.0,0.0,0.0,0.0,0.0,0.0,0.0,0.0,0.9759641522835603,0.0,0.0,0.0,0.0,0.0,0.0,0.0,1.092422418230514,0.0,0.0,0.0,0.0,0.0,3.2817971355774573,0.0,0.0,0.0,0.0,0.0,0.0,0.0,0.0,0.0,1.057279073746584,0.0,0.0,0.0,0.0,0.0,0.0,0.0,0.0,0.0,1.1339881724940466,0.0,0.0,0.0,0.0,0.0,0.0,0.0,0.0,0.0,0.0,0.0,0.0,0.0,0.0,0.0,0.0,0.0,0.0,0.0,0.0,0.0,0.0,0.0,0.0,0.0,0.0,0.0,0.0,0.0,0.0,0.0,0.0,0.0,0.0,0.0,0.0,0.0,0.0,0.0,0.0,0.0,0.0,0.0,0.0,0.0,0.0,0.0,0.0,0.0,0.0,0.0,0.0,0.0,0.0,0.0,0.0,0.0,1.092422418230514,0.0,0.0,0.0,0.0,0.0,0.0,0.0,0.0,0.0,0.0,0.0,0.0,0.0,0.0,0.0,0.0,0.0,0.0,0.0,0.0,0.0,0.0,0.0,0.0,0.0,0.0,0.0,0.0,1.121281441554867,0.0,0.5674779858262503,0.0,0.0,0.0,0.0,0.0,0.0,0.0,0.0,0.0,0.0,0.0,0.0,0.0,0.0,0.0,0.0,0.0,0.0,0.0,0.0,0.0,0.0,0.0,0.0,0.0,0.0,0.0,0.0,0.0,0.0,0.0,0.0,0.0,0.0,0.0,0.0,0.0,0.0,0.0,0.0,0.0,0.0,0.0,0.0,0.0,0.0,0.0,0.0,0.0,0.0,0.0,1.026836524056364,0.0,0.0,0.0,0.0,1.8885518649404769,0.0,0.0,1.0624702492442695,0.0,0.0,0.0,0.0,0.0,0.0,0.0,0.0,0.0,0.0,0.0,0.0,0.0,0.0,0.0,0.0,2.1130268629835776,0.0,0.0,0.0,0.0,0.0,0.0,0.0,0.0,0.0,0.0,0.0,0.0,0.0,0.0,0.0,0.0,0.0,0.0,0.0,0.0,0.0,0.0,0.0,0.0,0.0,0.0,0.0,0.0,0.0,0.0,0.0,0.0,0.0,0.0,0.0,0.0,0.0,0.0,0.0,0.0,0.0,0.0,8.0,0.0,8.0,0.0,0.0723990150727331,0.8702807724475861,0.0573202010709792,0.8702807724475861,Positive,Positive,203.45,204.93,196.04,196.23,195.121673479399,7043501.0,0.0,1.0,-0.0361328338,-0.0339677983,-0.0061252182,0.0021650355,-1.65692087,0.0,1.0,0.0,1.0,0.0,0.0,0.0,0.0,0.07,0.06,0.1,0.72,0.63,0.17,0.61,0.09
4,2022-03-08,0.0,0.0,0.0,0.0,0.0,0.0,0.0,0.0,0.0,0.0,0.0,0.0,0.0,0.0,0.0,0.0,0.0,0.0,0.2896318957779761,0.0,0.0,0.0,0.0,0.0,0.0,0.0,0.0,0.0,0.0,0.0,0.0,0.0,0.0,0.0,0.0,0.0,0.0,0.0,0.0,0.0,0.0,0.0,0.0,0.0,0.0,0.0,0.0,0.0,0.0,0.0,0.0,0.0,0.0,0.0,0.0,0.0,0.0,1.3120604956838,0.0,0.0,0.0,0.0,0.0,0.0,0.0,0.0,0.0,0.0,0.4420452861269458,0.0,0.0,0.0,0.0,0.0,0.0,0.0,0.0,0.0,0.0,0.0,0.0,1.0964367164097721,0.2896318957779761,0.0,0.7678193887827078,0.0,0.0,0.0,0.0,0.0,0.0,0.0,0.0,0.0,0.0,1.4703863451283636,0.0,0.0,0.2896318957779761,0.0,0.0,0.0,1.4072548304864363,0.0,0.0,0.0,0.0,0.0,0.0,0.0,0.0,0.0,0.0,0.0,0.0,0.0,0.0,0.0,0.0,0.0,0.0,0.0,0.0,0.0,0.0,0.0,0.0,0.0,0.0,0.0,0.0,0.0,0.2896318957779761,0.0,0.0,0.0,0.0,0.0,0.0,0.0,0.0,0.0,0.0,0.17767037657600215,0.0,0.5773502691896258,0.0,0.0,0.0,0.0,0.0,0.0,0.0,0.0,0.0,0.0,0.0,0.2896318957779761,0.0,0.0,0.0,0.0,0.0,0.0,0.0,0.0,0.0,0.0,0.0,0.0,0.0,0.0,0.0,0.0,0.0,0.0,0.0,0.0,0.1314408356842861,0.0,0.0,0.0,0.0,0.0,0.0,0.0,0.0,0.0,0.0,0.0,0.0,0.0,0.0,0.0,0.0,0.0,0.0,0.0,0.0,0.0,0.0,0.0,0.0,0.0,0.0,0.0,0.23161915408187433,0.9412250584101911,0.0,0.0,0.0,0.0,0.0,0.0,0.0,0.0,0.2896318957779761,0.0,0.0,0.0,0.0,0.0,0.0,0.1980354663460679,0.0,0.0,0.0,0.0,0.0,0.0,0.0,0.0,0.0,0.0,0.5773502691896258,0.0,0.0,0.0,0.0,0.0,0.5773502691896258,0.0,0.0,0.0,0.0,0.0,0.0,0.0,0.0,0.0,0.0,0.0,0.0,0.0,0.0,0.8946706856305126,0.0,0.0,0.0,0.0,0.0,0.0,0.0,0.0,0.0,0.6406663610720863,0.0,0.0,0.0,0.0,0.0,0.0,0.0,0.0,0.0,0.0,0.0,0.0,0.0,0.0,0.0,0.18442067824114686,0.0,0.0,1.2742819490084287,0.0,0.0,0.0,0.0,0.0,0.0,0.0,0.0,0.0,0.0,0.0,0.0,0.26265750702504,6.0,1.0,5.0,0.0,0.3203045818954705,0.6522598663965861,0.0274355877190827,0.6522598663965861,Positive,Positive,194.28,197.2,189.2,192.08,190.995113091387,8229049.0,0.0,1.0,-0.0113884656,-0.0213754887,-0.046119857,-0.0099870232,-0.54234598,0.0,0.0,0.0,0.0,0.0,1.0,0.0,1.0,0.67,0.05,0.64,0.115,0.01,0.1,0.0,0.78
5,2022-03-09,0.0,0.0,0.0,0.0,0.0,0.0,0.0,0.0,0.0,0.0,0.0,0.0,0.0,0.0,0.0,0.0,0.0,0.0,0.0,0.2971923607568772,0.0,0.0,0.0,0.0,0.0,0.0,0.0,0.0,0.0,0.0,0.0,0.0,0.0,0.0,0.0,0.40102953611069786,0.0,0.0,0.0,0.0,0.0,0.0,0.3189067593298644,0.0,0.0,0.2971923607568772,0.0,0.0,0.0,0.0,0.0,0.0,0.0,0.0,0.0,0.0,0.0,0.0,0.0,0.0,0.817193583321139,0.0,0.0,0.0,0.0,0.0,0.0,0.0,0.0,0.49618211370078047,0.0,0.0,0.0,0.0,0.0,0.0,0.953870447311778,0.0,0.0,0.0,0.0,0.0,0.0,0.0,0.0,0.0,0.0,0.0,0.0,0.0,0.0,0.0,0.0,0.25420209358649304,0.0,0.0,0.0,0.0,0.0,0.0,0.0,0.0,0.8073042818556163,0.35363969972863246,0.0,0.0,0.0,0.0,0.0,0.0,0.0,0.0,0.0,0.0,0.0,0.0,0.0,0.0,0.0,0.0,0.3401826279272614,0.0,0.0,0.0,0.0,0.0,0.0,0.0,0.0,0.0,0.0,0.0,0.0,0.0,0.0,0.0,0.0,0.6122941790121146,0.0,0.0,0.0,0.0,0.0,0.41735994197809273,0.0,0.0,0.0,0.4081063959844769,0.0,0.0,0.0,0.0,0.0,0.0,0.0,0.0,0.0,0.0,0.28763165114695466,0.0,0.0,0.0,0.0,0.0,0.0,0.0,0.0,0.0,0.0,0.0,0.0,0.0,0.0,0.0,0.0,0.2720446665662186,0.0,0.0,0.5207615942998345,0.0,0.0,0.0,0.0,0.3739017273448386,0.0,0.0,0.0,0.0,0.0,0.0,0.0,0.38633000435655757,0.0,0.5667045503412346,0.0,0.0,0.0,0.8246640372363558,0.0,0.0,0.0,0.0,0.0,0.0,0.0,0.0,0.0,0.0,0.0,0.4190203089844825,0.0,0.0,0.0,0.4671408979233335,0.0,0.0,0.3401826279272614,0.0,0.0,0.0,0.0,0.0,0.4236345011256579,0.23259946969393436,0.8809727176471135,0.0,0.0,0.0,0.0,0.0,0.0,0.0,0.0,0.0,0.0,0.4731670643244934,0.0,0.0,0.0,0.0,0.0,0.0,0.0,0.0,0.0,0.0,0.0,0.0,0.0,0.0,0.0,0.0,0.0,0.0,0.0,0.6547615124138728,0.0,0.0,0.0,0.0,0.0,0.0,0.0,0.5980734948524956,0.0,0.0,0.0,0.0,0.0,0.0,0.0,0.0,0.0,0.0,0.0,0.0,0.0,0.2838938084134192,0.0,0.0,0.0,0.2166084325750279,0.0,0.0,0.0,0.0,0.0,0.0,0.0,0.0,0.0,0.0,0.0,0.0,0.0,0.0,0.0,0.0,6.0,3.0,3.0,0.0,0.4515528865158558,0.5248289927840233,0.0236181107660134,0.5248289927840233,Positive,Positive,198.35,205.23,197.22,203.16,202.012532151428,6881263.0,0.0,1.0,0.023960699,0.056081894,0.0207327295,0.032121195,1.0499069,1.0,0.0,1.0,0.0,1.0,0.0,1.0,0.0,0.13,0.09,0.05,0.11,0.04,0.1,0.69,0.07
6,2022-03-10,0.0,0.0,0.0,0.9550444952537068,0.0,0.0,0.0,0.0,0.0,0.0,0.0,0.5209375407775213,0.0,0.4202855371067586,0.0,0.0,0.7454051309590285,0.0,0.0,0.0,0.0,0.0,0.0,0.0,0.0,0.0,0.0,0.0,0.0,0.856263221777919,0.8296754897301433,0.0,0.0,0.0,0.0,1.2034853669305234,0.0,0.0,0.0,0.0,0.0,0.0,0.0,0.0,0.0,0.0,0.0,0.0,0.8343516243075145,0.0,0.0,0.0,0.0,0.0,0.0,0.0,0.0,0.0,0.0,0.0,0.0,0.4974053628719892,0.0,0.0,0.0,0.0,0.0,0.0,0.0,0.0,0.0,0.0,0.8655221957119066,0.0,0.0,0.0,0.0,0.0,0.0,0.0,0.0,0.0,0.0,0.0,0.0,0.0,0.0,0.0,0.0,0.0,1.0897668608074695,0.0,0.0,0.0,0.0,0.0,0.0,0.0,0.0,0.0,0.0,0.0,0.0,0.0,0.0,0.0,0.7880409703654473,0.0,0.0,0.0,0.0,0.0,0.0,0.0,0.0,0.0,0.0,0.0,0.0,0.0,0.0,0.0,0.8296754897301433,0.0,0.0,0.0,0.0,0.0,0.0,0.0,0.0,0.0,0.0,0.0,0.0,0.0,0.0,0.0,0.8296754897301433,0.6868175735535507,0.0,0.7861590245737714,0.0,0.0,0.0,0.0,0.0,0.0,0.0,0.0,0.0,0.0,0.0,0.0,0.0,0.0,0.0,0.0,0.0,0.0,0.0,0.0,0.0,0.0,0.0,0.0,0.0,0.0,0.0,0.0,0.0,0.0,0.0,0.0,0.0,0.0,0.0,0.0,0.4334185854587429,0.8660980019052209,0.0,0.0,0.0,0.0,0.0,0.0,0.0,0.0,0.0,0.0,0.0,0.0,0.0,0.0,0.0,0.0,0.0,0.0,0.0,0.0,0.0,0.0,0.0,0.0,0.0,0.0,0.0,0.0,0.0,0.0,0.0,0.0,0.0,0.0,0.0,0.0,0.0,0.0,0.9908623767505733,0.0,0.0,0.0,0.0,0.6530105446114154,0.0,0.0,0.0,0.0,0.0,0.0,0.0,0.0,0.0,0.0,0.0,0.0,0.43373351406138155,0.0,0.0,0.0,0.0,0.0,0.0,0.0,0.0,0.0,0.0,0.0,0.0,0.0,0.0,0.0,0.4974053628719892,0.5816622400139028,0.0,0.17850526491867322,0.0,0.0,0.0,0.0,0.0,0.0,0.0,0.0,0.0,0.0,0.0,0.0,0.0,0.0,0.0,0.0,0.5040863548041302,0.8655221957119066,0.0,0.0,0.0,0.0,0.0,0.0,0.0,0.0,0.0,0.0,0.0,0.0,0.0,0.0,0.46844554029498325,0.0,0.0,0.0,0.0,0.0,0.0,0.0,0.0,0.0,9.0,2.0,6.0,1.0,0.262173022247023,0.5901889560951127,0.147637992993825,0.5901889560951127,Positive,Positive,199.1,201.2,197.53,200.15,199.019532930243,5604161.0,0.0,1.0,0.0052598744,-0.0149267605,0.0037740641,-0.0201866349,0.20755484,0.0,0.0,0.0,0.0,0.0,0.0,0.0,1.0,0.14,0.69,0.61,0.18,0.15,0.19,0.82,0.06
7,2022-03-11,0.0,0.0,0.0,0.0,0.0,0.0,0.0,0.0,0.0,0.0,0.0,0.0,0.0,0.537635677259298,0.0,0.0,0.4430686855729574,0.0,0.0,0.2807421969780174,0.0,0.0,0.0,0.0,0.0,0.0,0.0,0.0,0.0,0.0,0.0,0.0,0.0,0.0,0.0,0.0,0.0,0.0,0.0,0.0,0.0,0.0,0.0,0.0,0.0,0.37335096469419715,0.0,0.0,0.0,0.0,0.0,0.0,0.0,0.0,0.0,0.3326840529600109,0.0,0.0,0.0,0.0,0.0,0.0,0.0,0.0,0.0,0.0,0.0,0.0,0.24522941677758844,0.0,0.0,0.5384332757193803,0.0,0.0,0.42735793068634964,0.0,0.0,0.0,0.0,0.0,0.0,0.30117399150350993,0.0,0.0,0.0,0.0,0.0,0.0,0.0,0.0,0.0,0.0,0.0,0.24013152305844454,0.2638872444304093,0.0,0.0,0.0,0.0,0.0,0.0,0.0,0.0,0.0,0.0,0.0,0.0,0.0,0.0,0.0,0.0,0.0,0.0,0.0,0.0,0.0,0.0,0.0,0.0,0.0,0.0,0.0,0.0,0.0,0.0,0.0,0.0,0.0,0.0,0.0,0.0,0.0,0.3213528708975902,0.0,0.0,0.0,0.0,0.0,0.0,0.30653566030593216,0.0,0.0,0.0,0.6564146367216164,0.0,0.0,0.0,0.0,0.0,0.0,0.0,0.0,0.0,0.0,0.0,0.0,0.0,0.3213528708975902,0.3613402247581671,0.0,0.0,0.0,0.40389209699637874,0.0,0.0,0.0,0.0,0.0,0.0,0.0,0.0,0.0,0.0,0.0,0.0,0.0,0.0,0.0,0.9842848599202241,0.0,0.0,0.0,0.0,0.0,0.0,0.0,0.0,0.0,0.0,0.0,0.0,0.0,0.0,0.0,0.0,0.0,0.0,0.0,0.0,0.4049430145773291,0.0,0.0,0.0,0.0,0.0,0.0,0.25698647560605253,0.0,0.0,0.0,0.0,0.0,0.0,0.0,0.0,0.0,0.0,0.0,0.0,0.0,0.0,0.0,0.0,0.38814935885135987,0.0,0.0,0.3408719740833768,0.0,0.0,0.0,0.0,0.0,0.0,0.0,0.0,0.0,0.0,0.0,0.0,0.42624884139094443,0.0,0.0,0.0,0.0,0.0,0.0,0.0,0.0,0.0,0.0,0.0,0.5379035722851472,0.0,0.0,0.0,0.0,0.0,0.0,0.0,0.0,0.42735793068634964,0.0,0.0,0.0,0.0,0.0,0.0,0.0,0.0,0.0,0.0,0.0,0.0,0.0,0.0,0.3044979183499821,0.0,0.0,0.0,0.0,0.0,0.36146438483469856,0.0,0.0,0.0,0.0,0.0,0.0,0.0,0.0,0.0,0.0,0.0,0.0,0.0,0.0,0.4082442512184774,0.2914242014629621,5.0,1.0,3.0,1.0,0.2170217284932732,0.5755938030779362,0.2073844611644744,0.5755938030779362,Positive,Positive,204.77,204.77,197.63,197.9,196.782241153611,5196914.0,0.0,1.0,-0.0341255455,-0.0113052328,0.028080187,0.0228203126,-1.56650543,0.0,1.0,0.0,0.0,1.0,0.0,1.0,0.0,0.2,0.75,0.1,0.71,0.68,0.07,0.66,0.25
8,2022-03-14,0.0,0.0,0.0,0.0,0.0,0.0,0.0,0.0,0.0,0.0,0.0,0.0,0.0,0.0,0.0,0.0,0.0,0.0,0.0,0.0,0.0,0.0,0.0,0.0,0.0,0.0,0.0,0.0,0.0,0.4331007542908504,0.0,0.0,0.0,0.0,0.0,0.0,0.0,0.0,0.0,0.0,0.0,0.0,0.0,0.0,0.0,0.0,0.0,0.0,0.0,0.0,0.0,0.0,0.0,0.0,0.0,0.0,0.0,0.0,0.0,0.0,0.0,0.0,0.0,0.0,0.0,0.0,0.0,0.0,0.45903448447750295,0.0,0.0,0.0,0.0,0.0,0.0,0.0,0.0,0.0,0.0,0.0,0.0,0.0,0.0,0.0,0.0,0.0,0.0,0.0,0.0,0.0,0.0,0.0,0.0,0.0,0.4939592761710312,0.0,0.0,0.0,0.0,0.0,0.0,0.0,0.0,0.0,0.0,0.0,0.0,0.0,0.0,0.0,0.0,0.0,0.0,0.0,0.0,0.0,0.0,0.0,0.0,0.0,0.0,0.0,0.0,0.0,0.0,0.0,0.6712418607370695,0.0,0.0,0.0,0.0,0.0,0.0,0.0,0.0,0.0,0.0,0.0,0.0,0.0,0.0,0.0,0.0,0.0,0.0,0.0,0.0,0.0,0.0,0.0,0.0,0.0,0.0,0.0,0.0,0.0,0.0,0.0,0.0,0.0,0.0,0.0,0.0,0.0,0.0,0.5512076630325013,0.0,0.0,0.0,0.0,0.0,0.0,0.0,0.0,0.0,0.0,0.0,0.0,0.0,0.0,0.0,0.0,0.0,0.0,0.0,0.0,0.0,0.0,0.0,0.0,0.0,0.0,0.4694871432177449,0.0,0.0,0.0,0.0,0.0,0.0,0.0,0.0,0.0,0.0,0.0,0.0,0.0,0.0,0.0,0.0,0.0,0.0,0.0,0.0,0.0,0.0,0.0,0.0,0.0,0.0,0.0,0.0,0.0,0.0,0.0,0.0,0.0,0.0,0.5699766643453963,0.0,0.0,0.0,0.0,0.0,0.0,0.0,0.0,0.0,0.0,0.0,0.0,0.0,0.0,0.0,0.0,0.0,0.0,0.0,0.0,0.0,0.0,0.0,0.0,0.0,0.0,0.0,0.24089045900819997,0.0,0.0,0.0,0.0,0.0,0.0,0.0,0.0,0.0,0.0,0.0,0.0,0.0,0.0,0.0,0.0,0.0,0.0,0.0,0.0,0.0,0.0,0.0,0.0,0.0,0.0,0.0,0.0,0.0,0.0,0.0,0.0,0.0,0.0,0.0,0.0,0.0,0.0,0.0,0.0,0.0,0.0,1.0,0.0,0.0,1.0,0.0419730171561241,0.0141582936048507,0.9438687562942504,0.0141582936048507,Negative,Negative,198.24,200.16,191.82,193.12,192.029239068142,5665470.0,0.0,1.0,-0.0261666605,-0.0244500953,-0.0324089802,0.0017165653,-1.20800876,0.0,1.0,0.0,0.0,0.0,1.0,0.0,0.0,0.02,0.02,0.03,0.03,,,,
9,2022-03-15,0.0,0.0,0.0,0.0,0.0,0.0,0.0,0.0,0.0,0.0,0.0,0.0,0.0,0.0,0.0,0.0,0.0,0.0,0.0,0.0,0.0,0.0,0.0,0.0,0.0,0.0,0.0,0.0,0.0,0.0,0.0,0.0,0.0,0.0,0.5874379121688682,0.0,0.0,0.0,0.0,0.0,0.0,0.0,0.0,0.0,0.0,0.0,0.0,0.0,0.0,0.0,0.0,0.0,0.0,0.0,0.0,0.0,0.0,0.0,0.0,0.0,0.0,0.0,0.0,0.0,0.0,0.0,0.0,0.0,0.0,0.0,0.0,0.0,0.0,0.0,0.0,0.0,0.0,0.0,0.0,0.0,0.0,0.0,0.0,0.0,0.0,0.0,0.0,0.0,0.0,0.0,0.0,0.0,0.0,0.0,0.0,0.0,0.0,0.0,0.0,0.0,0.0,0.0,0.0,0.0,0.0,0.0,0.0,0.0,0.0,0.0,0.0,0.0,0.0,0.0,0.0,0.0,0.0,0.0,0.0,0.0,0.0,0.0,0.0,0.0,0.0,0.0,0.0,0.0,0.0,0.0,0.0,0.0,0.0,0.0,0.0,0.5566268037863089,0.0,0.0,0.0,0.0,0.0,0.0,0.0,0.38195909204491857,0.0,0.0,0.0,0.0,0.0,0.0,0.0,0.0,0.0,0.0,0.0,0.0,0.0,0.0,0.0,0.0,0.0,0.0,0.0,0.0,0.0,0.0,0.0,0.0,0.0,0.0,0.0,0.0,0.0,0.0,0.0,0.0,0.0,0.0,0.0,0.0,0.0,0.0,0.0,0.0,0.0,0.0,0.0,0.0,0.0,0.0,0.0,0.0,0.0,0.0,0.0,0.0,0.0,0.0,0.0,0.0,0.0,0.0,0.0,0.0,0.0,0.0,0.0,0.0,0.0,0.0,0.0,0.0,0.0,0.0,0.0,0.0,0.0,0.0,0.0,0.0,0.0,0.0,0.0,0.0,0.0,0.0,0.0,0.0,0.0,0.0,0.0,0.0,0.0,0.0,0.0,0.0,0.0,0.0,0.0,0.0,0.0,0.0,0.5874379121688682,0.0,0.0,0.0,0.0,0.4477813584956266,0.0,0.0,0.0,0.0,0.0,0.0,0.0,0.0,0.0,0.0,0.0,0.0,0.0,0.0,0.0,0.0,0.5439684687484508,0.0,0.0,0.0,0.0,0.0,0.0,0.0,0.0,0.0,0.0,0.0,0.0,0.0,0.0,0.0,0.0,0.39647101656906697,0.0,0.0,0.0,0.0,0.0,0.0,0.0,0.0,0.0,0.0,0.0,0.0,0.0,0.0,0.4477813584956266,0.0,2.0,1.0,0.0,1.0,0.4307252531871199,0.0890906695276498,0.4801840612199157,0.0890906695276498,Negative,Negative,198.53,199.96,192.74,196.14,195.032181808334,5276325.0,0.0,1.0,-0.0121115322,0.0155169326,0.0014618043,0.0276284649,-0.57491548,0.0,0.0,0.0,0.0,0.0,0.0,1.0,0.0,0.65,0.15,0.05,0.02,0.67,0.17,0.03,0.13
10,2022-03-16,0.0,0.0,0.0,0.0,0.0,0.0,0.0,0.0,0.0,0.0,0.0,0.0,0.0,0.0,0.0,0.0,0.0,0.0,0.0,0.0,0.0,0.0,0.0,0.0,0.0,0.0,0.32847064575497703,0.0,0.0,0.0,0.0,0.0,0.0,0.0,0.0,0.0,0.0,0.0,0.0,0.0,0.0,0.0,0.0,0.0,0.0,0.0,0.0,0.0,0.0,0.0,0.0,0.0,0.0,0.0,0.0,0.0,0.0,0.0,0.0,0.0,0.0,0.0,0.0,0.0,0.0,0.0,0.0,0.0,0.0,0.0,0.0,0.0,0.0,0.0,0.0,0.0,0.0,0.0,0.0,0.0,0.0,0.0,0.0,0.0,0.0,0.0,0.0,0.0,0.0,0.0,0.0,0.0,0.0,0.0,0.0,0.0,0.0,0.0,0.0,0.0,0.0,0.0,0.0,0.0,0.0,0.0,0.0,0.0,0.0,0.0,0.0,0.0,0.0,0.0,0.362203909246578,0.0,0.3432063204406739,0.0,0.0,0.0,0.0,0.0,0.0,0.0,0.0,0.0,0.0,0.0,0.0,0.0,0.0,0.0,0.0,0.0,0.0,0.0,0.0,0.0,0.0,0.0,0.0,0.0,0.0,0.0,0.0,0.0,0.0,0.0,0.0,0.0,0.0,0.0,0.0,0.0,0.0,0.0,0.0,0.0,0.0,0.0,0.362203909246578,0.297433134068566,0.0,0.0,0.0,0.0,0.0,0.0,0.0,0.0,0.0,0.6790406689053632,0.0,0.0,0.0,0.0,0.0,0.0,0.0,0.0,0.0,0.0,0.5192759224485812,0.0,0.0,0.0,0.0,0.0,0.0,0.0,0.0,0.6790406689053632,0.0,0.0,0.0,0.0,0.0,0.0,0.0,0.0,0.0,0.0,0.0,0.0,0.0,0.0,0.0,0.0,0.0,0.0,0.0,0.0,0.0,0.0,0.0,0.0,0.0,0.0,0.0,0.0,0.0,0.0,0.0,0.0,0.0,0.0,0.0,0.0,0.0,0.0,0.0,0.0,0.362203909246578,0.0,0.0,0.2943391897229541,0.0,0.0,0.0,0.0,0.0,0.0,0.0,0.0,0.0,0.0,0.0,0.0,0.0,0.0,0.32847064575497703,0.0,0.0,0.0,0.0,0.4756093458613847,0.0,0.0,0.0,0.0,0.0,0.0,0.0,0.0,0.0,0.5795771387655908,0.0,0.0,0.0,0.0,0.4277251765247866,0.0,0.0,0.0,0.0,0.0,0.0,0.0,0.0,0.0,0.0,0.0,0.0,0.0,0.0,0.0,0.0,0.362203909246578,0.0,0.0,0.0,0.0,0.0,0.0,0.0,0.5480195377725011,0.0,0.0,4.0,1.0,2.0,1.0,0.297584481537342,0.4626617413014173,0.2397537811193614,0.4626617413014173,Positive,Negative,198.66,205.9,197.33,205.57,204.408920232177,6043359.0,0.0,1.0,0.0341917878,0.0469579186,0.0006545986,0.0127661308,1.51075176,1.0,0.0,1.0,0.0,0.0,0.0,1.0,0.0,0.65,0.14,0.67,0.035,0.77,0.05,0.0,0.05
11,2022-03-17,0.0,0.0,0.0,0.0,0.0,0.0,0.0,0.0,0.0,0.0,0.0,0.0,0.0,0.0,0.0,0.0,0.0,0.0,0.0,0.0,0.0,0.0,0.0,0.0,0.0,0.4103153163966263,0.0,0.0,0.0,0.0,0.0,0.0,0.0,0.0,0.0,0.0,0.0,0.0,0.0,0.0,0.0,0.0,0.0,0.0,0.0,0.0,0.0,0.0,0.0,0.0,0.0,0.0,0.7949674280132146,0.0,0.0,0.0,0.0,0.0,0.0,0.0,0.0,0.0,0.0,0.0,0.0,0.0,0.0,0.0,0.6066521148055568,0.0,0.0,0.0,0.0,0.0,0.0,0.0,0.0,0.0,0.0,0.0,0.0,0.0,0.0,0.0,0.0,0.0,0.0,0.0,0.0,0.0,0.6346228356966779,0.0,0.0,0.3509612837725441,0.0,0.0,0.0,0.0,0.0,0.0,0.0,0.0,0.0,0.0,0.0,0.0,0.0,0.0,0.0,0.0,0.0,0.0,0.0,0.0,0.0,0.0,0.0,0.0,0.0,0.0,0.0,0.0,0.0,0.0,0.0,0.0,0.0,0.0,0.0,0.0,0.0,0.0,0.0,0.0,0.0,0.0,0.0,0.0,0.0,0.0,0.0,0.0,0.0,0.0,0.0,0.0,0.0,0.0,0.0,0.0,0.0,0.0,0.0,0.0,0.0,0.0,0.0,0.0,0.0,0.0,0.0,0.0,0.0,0.0,0.0,0.0,0.0,0.0,0.0,0.3979901501743973,0.0,0.0,0.0,0.0,0.0,0.7926664653999522,0.0,0.7728220082349541,0.2366823471476377,0.0,0.0,0.0,0.0,0.0,0.0,0.0,0.0,0.0,0.0,0.0,0.0,0.0,0.40705277044024907,0.0,0.0,0.0,0.0,0.0,0.0,0.0,0.0,0.0,0.0,0.0,0.0,0.0,0.4170710323549942,0.0,0.0,0.0,0.0,0.0,0.0,0.0,0.0,0.0,0.0,0.0,0.0,0.0,0.0,0.0,0.0,0.0,0.0,0.4450351997482944,0.0,0.0,0.5215331791271217,0.0,0.0,0.0,0.0,0.0,0.0,0.0,0.0,0.0,0.0,0.0,0.0,0.0,0.0,0.0,0.0,0.0,0.0,0.0,0.0,0.0,0.0,0.0,0.0,0.0,0.0,0.0,0.0,0.0,0.0,0.0,0.0,0.0,0.0,0.0,0.0,0.0,0.0,0.0,0.0,0.0,0.0,0.38568116712421224,0.0,0.0,0.0,0.0,0.0,0.0,0.0,0.0,0.0,0.0,0.0,0.4696693490207084,0.0,0.0,0.0,0.0,0.0,0.0,0.0,0.0,0.0,0.0,0.0,0.0,0.0,0.0,4.0,1.0,3.0,0.0,0.4173114160075784,0.5596986021846533,0.022989987512119,0.5596986021846533,Positive,Negative,204.62,210.68,202.5601,210.41,209.221583431689,5842555.0,0.0,1.0,0.0279034078,0.0232713997,0.0295597797,-0.0046320081,1.22750062,1.0,0.0,1.0,0.0,1.0,0.0,0.0,0.0,0.68,0.11,0.72,0.05,0.05,0.17,0.03,0.08
12,2022-03-18,0.0,0.0,0.0,0.0,0.0,0.0,0.0,0.0,0.0,0.0,0.0,0.0,0.0,0.0,0.0,0.0,0.0,0.0,0.0,0.0,0.0,0.0,0.0,0.0,0.0,0.0,0.45162386551611966,0.0,0.0,0.2929916197801791,0.0,0.0,0.0,0.0,0.0,0.0,0.0,0.0,0.0,0.0,0.0,0.0,0.0,0.0,0.0,0.0,0.0,0.0,0.0,0.0,0.0,0.0,0.0,0.0,0.0,0.3886889773198039,0.0,0.0,0.0,0.0,0.0,0.0,0.0,0.0,0.0,0.0,0.0,0.0,0.0,0.0,0.0,0.0,0.0,0.0,0.0,0.0,0.0,0.4540935061718737,0.0,0.40156855514034445,0.0,0.0,0.0,0.0,0.0,0.0,0.0,0.0,0.0,0.0,0.0,0.0,0.0,0.0,0.0,0.0,0.0,0.0,0.0,0.0,0.0,0.0,0.0,0.0,0.0,0.0,0.0,0.0,0.0,0.0,0.0,0.0,0.0,0.0,0.0,0.0,0.0,0.0,0.0,0.0,0.0,0.0,0.0,0.0,0.0,0.0,0.0,0.0,0.0,0.0,0.0,0.0,0.0,0.0,0.0,0.0,0.0,0.6255413840148766,0.0,0.0,0.0,0.0,0.0,0.0,0.7429466436207328,0.0,0.0,0.0,0.0,0.0,0.0,0.0,0.0,0.0,0.39000607272917753,0.0,0.0,0.0,0.0,0.0,0.0,0.0,0.0,0.0,0.0,0.37289065979941555,0.0,0.0,0.0,0.0,0.0,0.0,0.0,0.0,0.0,0.0,0.0,0.0,0.22600465134524886,0.0,0.0,0.0,0.0,0.0,0.0,0.0,0.0,0.0,0.0,0.383945722775866,0.0,0.0,0.0,0.0,0.0,0.0,0.0,0.0,0.0,0.0,0.0,0.0,0.0,0.0,0.0,0.0,0.0,0.0,0.0,0.0,0.0,0.0,0.0,0.0,0.0,0.0,0.0,0.0,0.0,0.0,0.0,0.0,0.41180225667822823,0.0,0.0,0.0,0.0,0.0,0.0,0.43070368390155167,0.0,0.40894948597879294,0.0,0.0,0.0,0.0,0.0,0.0,0.0,0.0,0.0,0.0,0.0,0.0,0.0,0.4718843741751088,0.0,0.0,0.0,0.0,0.45162386551611966,0.0,0.0,0.0,0.0,0.333403463702994,0.0,0.4749360713115737,0.0,0.0,0.0,0.0,0.0,0.0,0.0,0.0,0.0,0.0,0.0,0.0,0.0,0.0,0.0,0.0,0.0,0.0,0.0,0.0,0.0,0.0,0.0,0.0,0.0,0.0,0.0,0.0,0.0,0.0,0.0,0.0,0.0,0.0,0.0,0.0,0.0,0.0,0.0,0.0,3.0,2.0,0.0,1.0,0.6949831346670786,0.0474727029601732,0.2575441499551137,0.0474727029601732,Positive,Positive,209.23,219.58,208.305,218.8,217.564195878777,12122674.0,0.0,1.0,0.0447239452,0.0391000623,0.0222795249,-0.0056238829,1.98515782,1.0,0.0,1.0,0.0,1.0,0.0,0.0,0.0,0.02,0.04,0.61,0.12,0.66,0.11,0.05,0.14
13,2022-03-21,0.0,0.0,0.0,0.0,0.0,0.0,0.0,0.7586373866361493,0.0,0.0,0.0,0.0,0.0,0.0,0.0,0.0,0.0,0.0,0.0,0.0,0.0,0.0,0.4659063799422414,0.37563420328368485,0.0,0.0,0.0,0.0,0.0,0.24236786514024106,0.0,0.0,0.0,0.0,0.0,0.0,0.0,0.0,0.0,0.0,0.0,0.0,0.0,0.0,0.0,0.0,0.0,0.0,0.0,0.0,0.0,0.7586373866361493,0.0,0.6749076922251375,0.0,0.0,0.0,0.0,0.0,0.0,0.0,0.0,0.0,0.0,0.0,0.0,0.0,0.0,0.0,0.39699909252868437,0.0,0.0,0.0,0.0,0.0,0.0,0.0,0.0,0.0,0.0,0.0,0.0,0.0,0.0,0.0,0.0,0.0,0.0,0.7586373866361493,0.0,0.0,0.0,0.7586373866361493,0.0,0.0,0.0,0.0,0.0,0.0,0.0,0.0,0.0,0.0,0.0,0.0,0.0,0.0,0.0,0.0,0.0,0.0,0.0,0.0,0.0,0.0,0.0,0.0,0.0,0.0,0.0,0.0,0.0,0.0,0.0,0.0,0.0,0.0,0.0,0.0,0.0,0.0,0.0,0.0,0.0,0.0,0.0,0.0,0.5108115955654394,0.0,0.0,0.0,0.0,0.0,0.0,0.0,0.0,0.0,0.32816377583742223,0.0,0.0,0.0,0.0,0.0,0.0,0.6229747657835587,0.0,0.0,0.0,0.0,0.0,0.0,0.0,0.0,0.30846176834042754,0.0,0.30846176834042754,0.0,0.7586373866361493,0.0,0.0,0.0,0.0,0.0,0.0,0.0,0.0,0.0,0.0,0.7320060404756803,0.0,0.0,0.0,0.0,0.0,0.0,0.0,0.0,0.0,0.0,0.0,0.0,0.0,0.0,0.8534777204033506,0.3559321957866902,0.0,0.0,0.6879829452989218,0.0,0.9351750200228505,0.0,0.0,0.0,1.0,0.0,0.0,0.0,0.0,0.3559321957866902,0.0,0.0,0.0,0.37563420328368485,0.0,0.0,0.0,0.0,0.0,0.0,0.0,0.0,0.0,0.0,0.0,0.0,0.0,0.0,0.0,0.0,0.0,0.0,0.0,0.0,0.0,0.0,0.0,0.0,0.0,0.0,0.0,0.0,0.0,0.0,0.0,0.0,0.0,0.0,0.0,0.0,0.0,0.0,0.0,0.0,0.0,0.0,0.9330429655124031,0.0,0.0,0.32816377583742223,0.0,0.0,0.0,0.0,0.0,0.0,0.0,0.0,0.0,0.0,0.0,0.0,0.0,0.0,0.0,0.0,0.0,0.0,0.0,0.0,0.0,0.0,0.0,0.0,0.0,0.0,0.0,0.0,0.0,0.0,0.0,0.0,0.0,0.0,0.0,0.0,0.0,0.0,0.0,6.0,5.0,1.0,0.0,0.6407903979221979,0.2392690194149812,0.1199406231753528,0.2392690194149812,Positive,Positive,218.19,219.1,210.61,213.72,212.512888223091,6052850.0,0.0,1.0,-0.0206994957,-0.0234913235,0.0419321175,-0.0027918277,-0.96174809,0.0,0.0,0.0,0.0,1.0,0.0,0.0,0.0,0.66,0.09,0.04,0.115,0.02,0.68,0.01,0.7
14,2022-03-22,0.774300047517946,0.0,0.0,0.0,0.0,0.0,0.0,0.0,0.0,0.0,0.0,0.0,0.0,0.0,0.0,0.0,0.0,0.0,0.0,0.0,0.0,0.0,0.0,0.0,0.0,0.0,0.0,0.0,0.0,0.0,0.0,0.0,0.0,0.0,0.0,0.0,0.0,0.0,0.0,0.0,0.0,0.0,0.0,0.0,0.0,0.0,0.0,0.0,0.0,0.0,0.0,0.0,0.0,0.0,0.0,0.0,0.0,0.0,0.0,0.0,0.0,0.0,0.0,0.0,0.0,0.0,0.0,0.0,0.2434840424782829,0.0,0.0,0.0,0.0,0.3190657022159413,0.0,0.0,0.0,0.0,0.0,0.0,0.0,0.0,0.0,0.24033357304501526,0.4140566389214514,0.0,0.4740180522044344,0.0,0.0,0.0,0.0,0.15720663311506453,0.0,0.23842243205987387,0.0,0.0,0.0,0.0,0.0,0.0,0.0,0.0,0.0,0.0,0.0,0.0,0.0,0.0,0.0,0.0,0.0,0.0,0.0,0.0,0.0,0.0,0.0,0.0,0.0,0.0,0.0,0.0,0.0,0.0,0.0,0.0,0.0,0.0,0.0,0.0,0.0,0.0,0.0,0.0,0.0,0.0,0.0,0.0,0.0,0.0,0.0,0.5141283060054749,0.0,0.0,0.0,0.0,0.0,0.0,0.0,0.0,0.0,0.0,0.0,0.6853046934087077,0.0,0.0,0.0,0.0,0.0,0.0,0.0,0.0,0.0,0.26200907654828637,0.0,0.0,0.0,0.0,0.3023307116263201,0.0,0.0,0.0,0.0,0.20996163848100968,0.0,0.0,0.0,0.0,0.0,0.0,0.0,0.0,0.0,0.0,0.0,0.0,0.0,0.0,0.0,0.0,0.0,0.0,0.0,0.0,0.0,0.5162000316786307,0.0,0.0,0.0,0.0,0.0,0.0,0.0,0.26200907654828637,0.0,0.0,0.0,0.0,0.0,0.0,0.0,0.0,0.0,0.0,0.0,0.0,0.0,0.0,0.0,0.0,0.5826972377773263,0.0,0.0,0.0,0.0,0.0,0.0,0.0,0.0,0.0,0.0,0.0,0.0,0.0,0.0,0.0,0.0,0.0,0.0,0.0,0.0,0.0,0.0,0.0,0.0,0.0,0.0,0.0,0.0,0.0,0.0,0.0,0.0,0.0,0.0,0.08624918693587262,0.0,0.0,0.0,0.0,0.0,0.0,0.28935004446290524,0.0,0.0,0.0,0.0,0.0,0.0,0.0,0.0,0.0,0.0,0.0,0.0,0.0,0.0,0.0,0.0,0.0,0.0,0.0,0.0,0.0,0.0,0.0,0.0,0.0,0.0,0.0,0.0,0.0,0.0,0.0,0.0,0.0,0.0,1.0,5.0,1.0,4.0,0.0,0.1976230107247829,0.7792127132415771,0.0231642689555882,0.7792127132415771,Positive,Positive,213.72,221.85,212.615,218.21,216.977528257349,6990554.0,0.0,1.0,0.0207911548,0.0207911548,-0.0206994957,0.0,0.90713929,1.0,0.0,1.0,0.0,0.0,0.0,0.0,0.0,0.04,0.04,0.02,0.06,0.1,0.04,0.08,0.06
15,2022-03-23,0.0,0.55827085026063,0.0,0.0,0.0,0.0,0.0,0.0,0.0,0.0,0.0,1.0418750815550426,0.0,0.0,0.0,0.0,0.0,0.0,0.0,0.0,0.0,0.0,0.0,0.0,0.0,0.0,0.0,0.0,0.0,0.6178295068485419,0.0,0.0,0.0,0.9660206191685515,0.0,0.0,0.0,0.0,0.0,0.0,0.0,0.0,0.0,0.0,0.0,0.0,0.0,0.0,0.0,0.0,0.0,0.0,0.0,0.0,0.0,0.0,0.0,0.47805862263913357,0.0,0.0,0.0,0.0,0.0,0.0,0.0,0.0,0.5086691565406821,0.0,0.0,0.42933091014623,0.0,0.0,0.8390810025544483,0.0,0.0,0.0,0.0,0.0,0.0,0.0,0.0,0.399494556982798,0.0,0.0,0.0,0.0,0.0,0.0,0.0,0.0,0.0,0.0,0.0,0.3592433184198681,0.42839770889916,0.0,0.0,0.0,0.0,0.8371831263632736,0.0,0.0,0.0,0.0,0.5216880942382944,0.0,1.299154140745215,0.0,0.0,0.0,0.0,0.0,0.0,0.0,0.0,0.0,0.0,0.0,0.45735146262786947,0.0,0.0,0.0,0.0,0.38445878787548976,0.0,0.0,0.0,0.0,0.0,0.0,0.0,0.0,0.0,0.0,0.0,0.0,0.0,0.0,0.0,0.0,0.0,0.0,0.0,0.0,0.0,0.0,0.0,0.0,0.0,0.0,0.0,0.0,1.0024407678341904,0.0,0.0,0.0,0.0,0.0,0.0,0.0,0.0,0.4584385878041459,0.0,0.0,0.0,0.7863120884656978,0.0,0.0,0.0,0.0,0.0,0.0,0.5170383234627811,0.0,0.0,0.0,0.0,0.0,0.0,0.0,0.0,0.0,0.0,0.0,0.0,0.0,0.0,0.0,0.0,0.0,0.0,0.0,0.44498777085712116,0.0,0.0,0.0,0.0,0.0,1.0024407678341904,0.0,0.0,0.0,0.0,0.0,0.0,0.0,0.0,0.0,0.0,0.0,1.01949300999581,0.0,0.0,0.0,0.0,0.0,0.0,0.0,1.633522885323064,0.0,0.0,0.0,0.0,0.0,0.0,0.0,0.0,0.0,0.0,0.0,0.0,0.0,0.0,0.0,0.0,1.303674735039126,0.0,0.0,0.0,0.480752673595896,0.0,0.0,0.0,0.0,0.0,0.0,0.0,0.0,0.0,0.4377149292398519,0.0,0.0,0.0,0.0,0.0,0.8522145433053058,0.5170383234627811,0.0,0.0,0.0,0.0,0.0,0.5127433591497618,0.0,0.0,0.3554742773435799,0.0,0.0,0.0,0.0,0.0,0.0,0.0,0.8390810025544483,0.0,0.0,0.0,0.0,0.0,0.0,0.0,0.0,0.0,0.0,0.4642937390469911,0.5170383234627811,0.55827085026063,0.0,0.0,0.0,0.0,0.0,0.0,0.0,0.0,0.0,0.0,0.0,12.0,4.0,6.0,2.0,0.3315167773204545,0.5301955317457517,0.1382877061453958,0.5301955317457517,Positive,Positive,213.87,213.93,208.31,211.11,209.917629762197,8404667.0,0.0,1.0,-0.0129890292,-0.0330785772,0.0007016067,-0.0200895481,-0.61444109,0.0,0.0,0.0,1.0,0.0,0.0,0.0,1.0,0.1,0.15,0.16,0.16,0.12,0.14,0.06,0.17
16,2022-03-24,0.0,0.0,0.0,0.0,0.0,0.0,0.0,0.0,0.0,0.0,0.0,0.0,0.0,0.0,0.0,0.0,0.33399552870330634,0.0,0.0,0.0,0.0,0.0,0.0,0.0,0.0,0.0,0.2724513885845379,0.0,0.0,0.0,0.0,0.0,0.0,0.0,0.0,0.0,0.0,0.0,0.0,0.0,0.0,0.0,0.0,0.0,0.0,0.0,0.0,0.0,0.0,0.0,0.0,0.0,0.0,0.0,0.0,0.0,0.5812965284905669,0.0,0.0,0.0,0.0,0.0,0.0,0.0,0.0,0.0,0.0,0.0,0.0,0.8407936709260375,0.0,0.0,0.0,0.0,0.0,0.0,0.0,0.0,0.0,0.0,0.0,0.0,0.0,0.0,0.0,0.0,0.0,0.0,0.0,0.0,0.0,0.38023680556840367,0.0,0.0,0.0,0.0,0.0,0.0,0.0,0.3514051278846829,0.0,0.0,0.0,0.0,0.0,0.0,0.0,0.0,0.0,0.0,0.0,0.0,0.0,0.0,0.30043158894201694,0.9863269614649438,0.5693479145457834,0.0,0.0,0.0,0.0,0.0,0.0,0.0,0.0,0.0,0.0,0.0,0.0,0.0,0.0,0.0,0.0,0.0,0.0,0.0,0.0,0.0,0.0,0.30774405631821294,0.0,0.0,0.0,0.0,0.0,0.0,0.0,0.0,0.0,0.0,0.0,0.0,0.0,0.0,0.0,0.0,0.0,0.0,0.0,0.0,0.30043158894201694,0.0,0.0,0.0,0.0,0.0,0.0,0.0,0.0,0.0,0.0,0.0,0.0,0.5078357135827295,0.0,0.0,0.0,0.0,0.3884058844990397,0.38807468320353095,0.0,0.0,0.0,0.0,0.0,0.0,0.0,0.0,0.0,0.0,0.0,0.0,0.0,0.0,0.0,0.0,0.0,0.0,0.0,0.0,0.0,0.0,0.0,0.0,0.0,0.0,0.0,0.0,0.0,0.0,0.0,0.0,0.0,0.0,0.0,0.0,0.0,0.0,0.0,0.0,0.0,0.0,0.0,0.0,0.0,0.0,0.0,0.0,0.0,0.0,0.24670719114572187,0.0,0.30043158894201694,0.0,0.0,0.0,0.6793976104570905,0.0,0.0,0.0,0.0,0.0,0.0,0.0,0.0,0.0,0.0,0.30774405631821294,0.3514051278846829,0.0,0.2724513885845379,0.0,0.0,0.0,0.0,0.9147674905134113,0.0,0.0,0.2624648228148472,0.0,0.0,0.0,0.0,0.0,0.0,0.19129729220232278,0.0,0.0,0.0,0.0,0.0,0.0,0.0,0.0,0.0,0.0,0.0,0.0,0.0,0.0,0.0,0.0,0.38807468320353095,0.0,0.0,0.0,0.0,0.30043158894201694,0.7337703229929619,0.0,0.0,0.0,0.4648638915892267,0.0,0.0,0.0,0.0,0.0,6.0,2.0,4.0,0.0,0.4175502359867096,0.5525417296836773,0.0299080532665053,0.5525417296836773,Positive,Positive,212.35,214.11,209.87,213.98,212.77141971728,4150252.0,0.0,1.0,0.007646696,0.0135032281,-0.007132497,0.0058565321,0.31506582,0.0,0.0,0.0,0.0,0.0,0.0,0.0,0.0,0.14,0.11,0.2,0.065,0.16,0.15,0.05,0.15
17,2022-03-25,0.0,0.0,0.0,0.0,0.0,0.0,0.0,0.0,0.0,0.0,0.0,0.0,0.0,0.0,0.0,0.0,0.0,0.0,0.0,0.0,0.2271580705932576,0.0,0.0,0.0,0.0,0.0,0.0,0.0,0.0,0.0,0.0,0.0,0.0,0.0,0.0,0.0,0.0,0.0,0.0,0.0,0.3869002012482189,0.0,0.0,0.4428671277788209,0.0,0.0,0.0,0.0,0.0,0.0,0.0,0.0,0.0,0.0,0.0,0.0,0.0,0.0,0.0,0.0,0.0,0.0,0.0,0.0,0.2271580705932576,0.0,0.0,0.0,0.19842347095498686,0.0,0.0,0.0,0.0,0.0,0.0,0.0,0.6094465405617945,0.0,0.0,0.0,0.0,0.0,0.0,0.0,0.0,0.0,0.0,0.0,0.0,0.0,0.0,0.4207168398767471,0.0,0.0,0.21352015459107085,0.0,0.0,0.0,0.0,0.0,0.0,0.0,0.0,0.0,0.0,0.26001754961836626,0.0,0.0,0.0,0.0,0.0,0.0,0.0,0.0,0.0,0.0,0.0,0.0,0.0,0.0,0.0,0.0,0.0,0.0,0.0,0.5200350992367325,0.0,0.0,0.0,0.0,0.0,0.0,0.0,0.0,0.0,0.0,0.0,0.0,0.0,0.0,0.0,0.0,0.0,0.0,0.0,0.0,0.0,0.0,0.0,0.0,0.0,0.0,0.0,0.0,0.0,0.0,0.0,0.0,0.0,0.0,0.0,0.0,0.0,0.0,0.0,0.0,0.0,0.0,0.4196387545492371,0.0,0.0,0.0,0.0,0.0,0.0,0.2079365075703356,0.0,0.0,0.11800124403638708,0.0,0.0,0.0,0.0,0.0,0.0,0.0,0.0,0.0,0.0,0.0,0.0,0.0,0.0,0.0,0.0,0.0,0.0,0.0,0.0,0.0,0.0,0.0,0.0,0.36367182801863496,0.0,0.0,0.0,0.0,0.0,0.0,0.0,0.0,0.0,0.0,0.4428671277788209,0.0,0.0,0.0,0.0,0.0,0.0,0.0,0.0,0.17778669216842025,0.0,0.0,0.2079365075703356,0.0,0.0,0.0,0.0,0.21352015459107085,0.0,0.0,0.0,0.8755861938153126,0.0,0.0,0.0,0.0,0.0,0.0,0.0,0.8412163424347341,0.0,0.0,0.0,0.18699089246390074,0.0,0.0,0.0,0.0,0.0,0.0,0.0,0.5850425099407777,0.0,0.0,0.0,0.0,0.0,0.0,0.0,0.0,0.0,0.1655639919298782,0.0,0.0,0.0,0.0,0.7703781725996046,0.0,0.5281650826645365,0.0,0.0,0.0,0.0,0.0,0.0,0.0,0.0,0.1655639919298782,0.0,0.0,0.0,0.0,0.0,0.0,0.0,0.0,0.0,0.0,0.0,0.0,0.0,0.0,0.0,0.0,4.0,2.0,1.0,1.0,0.45360101852566,0.2876469176262616,0.2587520506931468,0.2876469176262616,Positive,Positive,214.27,215.86,208.48,211.03,209.838081610139,3393076.0,0.0,1.0,-0.0152365985,-0.0138822492,0.0090010453,0.0013543493,-0.71567965,0.0,0.0,0.0,0.0,0.0,0.0,0.0,0.0,0.64,0.11,0.06,0.055,0.59,0.14,0.55,0.11
18,2022-03-28,0.0,0.0,0.0,0.0,0.0,0.0,0.0,0.0,0.46446367296662994,0.0,0.5440031605988113,0.0,0.0,0.0,0.0,0.0,0.2836758258465964,0.0,0.0,0.0,0.0,0.0,0.692658958450781,0.0,0.0,0.0,0.0,0.0,0.0,0.34161972909070853,0.0,0.0,0.0,0.0,0.0,0.0,0.0,0.2984624981251416,0.0,0.0,0.0,0.0,0.0,0.0,0.0,0.0,0.0,0.0,0.0,0.5294598551203336,0.0,0.0,0.0,0.0,0.0,0.0,0.0,0.0,0.0,0.0,0.0,0.0,0.0,0.0,0.0,0.0,0.0,0.0,0.0,0.6421824355399091,0.0,0.0,0.0,0.0,0.0,0.0,0.0,0.0,0.0,0.0,0.0,0.0,0.0,0.0,0.0,1.0,0.0,0.0,0.0,0.0,0.0,0.2377442264820895,0.0,0.27159423489875745,0.0,0.0,0.0,0.0,0.0,0.0,0.0,0.0,0.0,0.0,0.0,0.0,0.0,0.0,0.0,0.0,0.0,0.0,0.0,0.0,0.0,0.0,0.0,0.0,0.0,0.0,0.0,0.0,0.0,0.0,0.0,0.0,0.0,0.0,0.0,0.0,0.0,0.0,0.0,0.0,0.0,0.0,0.0,0.0,0.0,0.2613793953002291,0.0,0.0,0.0,0.3819834516694672,0.0,0.0,0.0,0.0,0.0,0.0,0.0,0.0,0.0,0.0,0.0,0.36345743362777105,0.0,0.0,0.0,0.0,0.0,0.38140639121985787,0.0,0.0,0.0,0.0,0.0,0.0,0.0,0.0,0.0,0.0,0.0,0.0,0.0,0.29065757103688,0.0,0.0,0.16494436389119854,0.0,0.0,0.0,0.0,0.0,0.0,0.0,0.4212066150981742,0.0,0.0,0.0,0.0,0.0,0.0,0.0,0.0,0.0,0.0,0.0,0.0,0.0,0.0,0.0,0.0,0.0,0.0,0.0,0.0,0.0,0.0,0.0,0.0,0.0,0.0,0.6226957661426269,0.0,0.0,0.0,0.0,0.0,0.0,0.0,0.0,0.0,0.24851359057704273,0.0,0.3443940974896484,0.0,0.0,0.0,0.0,0.0,0.0,0.0,0.0,0.0,0.0,0.32817538656355544,0.0,0.0,0.0,0.0,0.0,0.0,0.0,0.0,0.0,0.0,0.0,0.2984624981251416,0.0,0.0,0.0,0.0,0.0,0.0,0.41347733609782733,0.0,0.0,0.0,0.0,0.0,0.0,0.0,0.0,0.0,0.0,0.0,0.0,0.0,0.0,0.0,0.0,0.0,0.0,0.0,0.0,0.0,0.0,0.0,0.0,0.0,0.0,0.0,0.0,0.0,0.0,0.0,0.0,0.0,0.0,0.3443940974896484,0.0,0.3714324444320112,0.46446367296662994,0.0,0.0,0.0,0.0,4.0,2.0,2.0,0.0,0.4465295970439911,0.533665370196104,0.0198050108738243,0.533665370196104,Positive,Positive,210.38,215.38,209.3,215.28,214.064077188223,4290886.0,0.0,1.0,0.0230240871,0.019939203,-0.0183214827,-0.0030848842,1.00771855,1.0,0.0,1.0,0.0,0.0,0.0,0.0,0.0,0.06,0.09,0.65,0.12,0.07,0.67,0.09,0.05
19,2022-03-29,0.0,0.0,0.0,0.0,0.0,0.0,0.0,0.0,0.0,0.0,0.0,0.0,0.0,0.0,0.0,0.0,0.0,0.0,0.0,0.0,0.0,0.0,0.4786810125783784,0.0,0.0,0.0,0.0,0.0,0.0,0.0,0.0,0.0,0.0,0.0,0.0,0.0,0.0,0.0,0.0,0.0,0.0,0.0,0.0,0.0,0.0,0.0,0.0,0.0,0.0,0.0,0.0,0.0,0.0,0.0,0.0,0.0,0.0,0.0,0.0,0.0,0.0,0.0,0.0,0.0,0.0,0.0,0.6016710162368277,0.0,0.48455974084574527,0.4078843642962923,0.6349754686379995,0.0,0.0,0.0,0.0,0.0,0.0,0.0,0.0,0.0,0.0,0.0,0.0,0.0,0.0,0.0,0.0,0.0,0.0,0.0,0.0,0.0,0.0,0.0,0.0,0.0,0.0,0.0,0.0,0.0,0.0,0.0,0.0,0.0,0.0,0.0,0.0,0.0,0.0,0.0,0.0,0.0,0.0,0.0,0.0,0.0,0.0,0.0,0.0,0.0,0.0,0.0,0.0,0.0,0.0,0.0,0.0,0.0,0.0,0.0,0.0,0.0,0.0,0.0,0.0,0.0,0.6486706524131637,0.0,0.0,0.0,0.0,0.0,0.0,0.4554779691587088,0.0,0.0,0.0,0.0,0.0,0.0,0.0,0.0,0.0,0.0,0.0,0.0,0.0,0.0,0.0,0.0,0.0,0.0,0.0,0.6097263355874819,0.0,0.0,0.0,0.0,0.0,0.0,0.0,0.0,0.0,0.0,0.0,0.0,0.0,0.0,0.0,0.0,0.0,0.0,0.0,0.0,0.0,0.0,0.0,0.0,0.0,0.0,0.0,0.0,0.0,0.0,0.0,0.0,0.0,0.0,0.0,0.0,0.0,0.0,0.0,0.0,0.0,0.0,0.0,0.0,0.0,0.0,0.0,0.0,0.0,0.0,0.0,0.0,0.0,0.0,0.0,0.0,0.0,0.0,0.0,0.0,0.0,0.0,0.0,0.0,0.0,0.0,0.0,0.0,0.0,0.0,0.0,0.0,0.0,0.0,0.0,0.0,0.0,0.0,0.0,0.0,0.0,0.0,0.0,0.0,0.0,0.0,0.0,0.0,0.0,0.0,0.0,0.26262154031571255,0.0,0.0,0.0,0.0,0.0,0.0,0.0,0.0,0.0,0.0,0.0,0.0,0.7317955726306019,0.0,0.0,0.0,0.0,0.0,0.0,0.0,0.0,0.0,0.0,0.0,0.0,0.0,0.0,0.0,0.0,0.0,0.0,0.0,0.0,0.0,0.0,0.0,0.0,0.0,0.0,0.0,0.0,0.0,4.0,1.0,2.0,1.0,0.3438124004751444,0.5008198115974665,0.1553677634801715,0.5008198115974665,Positive,Positive,218.62,222.155,216.77,221.29,220.040132111584,5370373.0,0.0,1.0,0.0121389956,0.0275345521,0.0384196436,0.0153955564,0.51741507,0.0,0.0,1.0,0.0,1.0,0.0,1.0,0.0,0.03,0.7,0.03,0.05,0.11,0.1,0.02,0.08
20,2022-03-30,0.0,0.0,0.0,0.0,0.0,0.0,0.0,0.0,0.0,0.0,0.0,0.0,0.0,0.0,0.0,0.0,0.0,0.0,0.0,0.0,0.0,0.0,0.0,0.0,0.0,0.0,0.0,0.0,0.0,0.3388512641037861,0.0,0.0,0.0,0.0,0.0,0.0,0.0,0.0,0.0,0.0,0.0,0.0,0.0,0.0,0.0,0.0,0.0,0.0,0.0,0.0,0.0,0.0,0.0,0.0,0.0,0.0,0.0,0.0,0.0,0.0,0.0,0.0,0.0,0.0,0.0,0.0,0.0,0.0,0.0,0.0,0.0,0.0,0.0,0.0,0.0,0.0,0.0,0.0,0.0,0.0,0.0,0.0,0.0,0.0,0.0,0.0,0.0,0.0,0.0,0.0,0.0,0.0,0.0,0.0,0.0,0.0,0.0,0.0,0.0,0.0,0.0,0.0,0.0,0.3649201494554522,0.0,0.0,0.0,0.0,0.0,0.0,0.0,0.5251691454626003,0.0,0.0,0.0,0.0,0.0,0.0,0.0,0.0,0.0,0.0,0.0,0.7848988707051091,0.0,0.0,0.0,0.0,0.0,0.0,0.0,0.0,0.0,0.0,0.0,0.0,0.0,0.35361095282290755,0.0,0.0,0.0,0.0,0.0,0.0,0.0,0.0,0.0,0.0,0.0,0.0,0.0,0.0,0.0,0.0,0.0,0.0,0.0,0.0,0.0,0.0,0.0,0.0,0.0,0.0,0.0,0.0,0.0,0.0,0.0,0.40076481312164863,0.0,0.0,0.0,0.0,0.0,0.0,0.0,0.0,0.0,0.0,0.0,0.0,0.0,0.0,0.0,0.0,0.0,0.0,0.0,0.0,0.0,0.0,0.0,0.0,0.0,0.0,0.0,0.0,0.0,0.6200421429460207,0.0,0.0,0.0,0.0,0.0,0.0,0.0,0.0,0.0,0.4323862787374345,0.0,0.0,0.0,0.0,0.0,0.0,0.0,0.0,0.0,0.0,0.0,0.0,0.0,0.0,0.0,0.0,0.0,0.0,0.0,0.41382163361710883,0.0,0.0,0.0,0.0,0.0,0.0,0.43373351406138155,0.0,0.0,0.0,0.0,0.0,0.0,0.0,0.0,0.0,0.0,0.0,0.5373475569862165,0.0,0.0,0.0,0.0,0.5816622400139028,0.0,0.3522298732979284,0.0,0.4563202689921062,0.5716689111468731,0.0,0.0,0.0,0.0,0.0,0.0,0.33439704469489917,0.0,0.0,0.0,0.0,0.0,0.0,0.5040863548041302,0.0,0.0,0.0,0.0,0.0,0.0,0.0,0.0,0.0,0.0,0.0,0.0,0.0,0.0,0.0,0.46844554029498325,0.0,0.0,0.0,0.0,0.0,0.0,0.0,0.0,0.0,3.0,0.0,1.0,2.0,0.089952079579234,0.3423128388822078,0.5677350852638483,0.3423128388822078,Negative,Positive,219.71,219.85,213.4,214.94,213.725997541976,4951199.0,0.0,1.0,-0.0219495756,-0.0291151391,0.0049734321,-0.0071655635,-1.01805617,0.0,1.0,0.0,1.0,0.0,0.0,0.0,0.0,0.04,0.08,0.06,0.7,0.02,0.05,0.07,0.08
21,2022-03-31,0.0,0.0,0.0,0.0,0.0,0.0,0.0,0.0,0.0,0.0,0.0,0.0,0.0,0.0,0.0,0.0,0.0,0.0,0.0,0.0,0.0,0.0,0.0,0.0,0.0,0.0,0.0,0.0,0.0,0.0,0.0,0.0,0.0,0.0,0.0,0.0,0.0,0.0,0.0,0.0,0.0,0.0,0.0,0.0,0.0,0.0,0.0,0.0,0.0,0.0,0.0,0.0,0.0,0.0,0.0,0.0,0.0,0.0,0.0,0.0,0.0,0.0,0.0,0.0,0.0,0.0,0.0,0.0,0.0,0.0,0.0,0.0,0.0,0.0,0.0,0.0,0.0,0.0,0.0,0.0,0.0,0.0,0.0,0.0,0.0,0.0,0.0,0.0,0.0,0.0,0.0,0.3810211995128357,0.0,0.0,0.0,0.0,0.0,0.0,0.0,0.0,0.0,0.0,0.0,0.0,0.0,0.0,0.4047190856476182,0.0,0.0,0.0,0.0,0.0,0.0,0.0,0.0,0.0,0.0,0.0,0.0,0.0,0.0,0.0,0.0,0.0,0.0,0.0,0.0,0.0,0.0,0.0,0.0,0.0,0.0,0.0,0.0,0.0,0.0,0.0,0.0,0.0,0.0,0.0,0.0,0.0,0.0,0.0,0.0,0.0,0.0,0.0,0.0,0.0,0.0,0.0,0.0,0.0,0.0,0.0,0.0,0.0,0.0,0.0,0.0,0.0,0.0,0.0,0.0,0.0,0.0,0.0,0.0,0.0,0.0,0.0,0.0,0.0,0.0,0.0,0.0,0.0,0.0,0.0,0.0,0.0,0.0,0.0,0.0,0.0,0.0,0.0,0.0,0.0,0.0,0.0,0.0,0.0,0.0,0.0,0.0,0.0,0.0,0.0,0.0,0.0,0.0,0.0,0.0,0.0,0.0,0.0,0.0,0.0,0.0,0.0,0.0,0.0,0.0,0.0,0.0,0.0,0.0,0.0,0.0,0.0,0.0,0.0,0.46582286351463675,0.0,0.0,0.0,0.0,0.0,0.0,0.0,0.0,0.0,0.411573088446345,0.0,0.0,0.0,0.0,0.0,0.0,0.0,0.0,0.5519438014219533,0.0,0.0,0.0,0.0,0.0,0.0,0.0,0.0,0.0,0.0,0.0,0.0,0.0,0.0,0.0,0.0,0.0,0.0,0.0,0.0,0.0,0.0,0.0,0.0,0.0,0.0,0.0,0.0,0.0,0.0,0.0,0.0,0.0,0.0,0.0,0.0,0.0,0.0,0.0,0.0,0.0,0.0,0.0,0.0,0.0,0.0,0.0,0.0,0.0,0.0,0.0,0.0,2.0,1.0,1.0,0.0,0.5283414646983146,0.4435414774343371,0.0281170150265097,0.4435414774343371,Positive,Positive,214.5,216.79,211.79,212.32,211.120795562075,7141260.0,0.0,1.0,-0.0102151678,-0.0122643488,-0.0239987566,-0.002049181,-0.48949645,0.0,0.0,0.0,0.0,0.0,1.0,0.0,0.0,0.07,0.12,0.02,0.065,0.72,0.07,0.71,0.11
22,2022-04-01,0.0,0.0,0.0,0.0,0.0,0.0,0.0,0.0,0.0,0.0,0.0,0.0,0.0,0.0,0.0,0.0,0.4430686855729574,0.0,0.0,0.0,0.0,0.0,0.0,0.0,0.0,0.0,0.0,0.0,0.0,0.0,0.0,0.0,0.0,0.0,0.0,0.0,0.0,0.0,0.0,0.0,0.0,0.0,0.0,0.0,0.0,0.0,0.0,0.0,0.0,0.0,0.0,0.0,0.0,0.0,0.0,0.0,0.0,0.0,0.0,0.0,0.0,0.0,0.0,0.0,0.27911131488780594,0.0,0.302729034986921,0.0,0.0,0.0,0.0,0.0,0.0,0.0,0.0,0.0,0.0,0.0,0.0,0.0,0.0,0.22573878639629374,0.0,0.0,0.0,0.0,0.0,0.0,0.0,0.0,0.0,0.7287982289978983,0.0,0.0,0.0,0.0,0.0,0.0,0.0,0.2623542758015056,0.0,0.0,0.0,0.0,0.0,0.0,0.0,0.0,0.0,0.0,0.0,0.0,0.0,0.0,0.0,0.0,0.0,0.0,0.0,0.0,0.0,0.0,0.0,0.0,0.0,0.0,0.0,0.0,0.0,0.0,0.0,0.0,0.0,0.0,0.0,0.0,0.0,0.7502005722021262,0.0,0.0,0.0,0.0,0.0,0.3919679560077932,0.0,0.0,0.0,0.0,0.0,0.0,0.0,0.0,0.0,0.0,0.0,0.0,0.0,0.0,0.0,0.0,0.0,0.0,0.0,0.0,0.0,0.0,0.8696002529512136,0.0,0.0,0.0,0.0,0.0,0.0,0.0,0.0,0.0,0.0,0.0,0.9082455039716674,0.0,0.0,0.0,0.0,0.0,0.0,0.0,0.0,0.0,0.0,0.0,0.0,0.0,0.0,0.0,0.0,0.0,0.0,0.0,0.0,0.0,0.0,0.0,0.0,0.0,0.0,0.0,0.0,0.0,0.0,0.0,0.0,0.0,0.0,0.0,0.0,0.0,0.0,0.0,0.0,0.0,0.0,0.0,0.0,0.38814935885135987,0.0,0.0,0.0,0.0,0.0,0.0,0.0,0.2623542758015056,0.0,0.0,0.0,0.8314720163708935,1.320451614234227,0.0,0.0,0.0,0.0,0.0,0.0,0.0,0.0,0.0,1.055730404232104,0.22975751524627003,0.0,0.0,0.0,0.5379035722851472,0.0,0.0,0.0,0.9554114345182845,0.0,0.0,0.0,0.0,0.0,0.0,0.0,0.0,0.27911131488780594,0.0,0.0,0.0,0.0,0.0,0.0,0.0,0.6197043362061148,0.0,0.2897312656808242,0.0,0.0,0.0,0.0,0.0,0.0,0.5648944604861423,0.0,0.0,0.0,0.0,0.0,0.0,0.5758888925093332,0.0,0.0,0.0,0.0,0.0,0.0,0.0,0.8677592817110175,0.0,6.0,2.0,2.0,2.0,0.2999822416653235,0.3524152534082532,0.3476024947594851,0.3524152534082532,Negative,Negative,212.48,214.03,210.04,212.25,211.051190929024,6007859.0,0.0,1.0,-0.0010830411,-0.0003297454,-0.0094618721,0.0007532957,-0.07815278,0.0,0.0,0.0,0.0,0.0,0.0,0.0,0.0,0.61,0.16,0.19,0.035,0.08,0.69,0.02,0.08
23,2022-04-04,0.0,0.0,0.0,0.0,0.0,0.0,0.0,0.0,0.0,0.0,0.0,0.0,0.0,0.0,0.0,0.0,0.0,0.0,0.0,0.0,0.0,0.0,0.0,0.0,0.0,0.0,0.0,0.0,0.0,0.0,0.0,0.0,0.0,0.0,0.0,0.0,0.0,0.0,0.0,0.0,0.0,0.0,0.38044803806701727,0.0,0.0,0.0,0.0,0.0,0.0,0.0,0.0,0.0,0.0,0.0,0.0,0.0,0.0,0.0,0.0,0.0,0.0,0.0,0.0,0.0,0.0,0.0,0.0,0.0,0.0,0.25788255465486803,0.0,0.0,0.0,0.0,0.0,0.0,0.0,0.0,0.0,0.0,0.0,0.0,0.0,0.0,0.0,0.0,0.0,0.0,0.0,0.0,0.0,0.0,0.0,0.0,0.0,0.0,0.0,0.0,0.0,0.0,0.0,0.0,0.0,0.38981151220867233,0.0,0.0,0.0,0.0,0.0,0.0,0.0,0.0,0.0,0.0,0.0,0.0,0.0,0.0,0.0,0.0,0.0,0.0,0.0,0.0,0.0,0.0,0.0,0.0,0.0,0.6323062501363138,0.0,0.0,0.0,0.0,0.0,0.0,0.0,0.3282109623156525,0.0,0.0,0.0,0.0,0.5908148258387628,0.28382021182371153,0.0,0.0,0.0,0.0,0.0,0.0,0.0,0.0,0.0,0.0,0.8919546619299742,0.0,0.0,0.0,0.0,0.0,0.0,0.0,0.0,0.0,0.0,0.0,0.0,0.0,0.0,0.3719777453917933,0.0,0.5523991285043526,0.0,0.0,0.0,0.0,0.0,0.0,0.3370399928748672,0.0,0.0,0.0,0.0,0.0,0.0,0.0,0.0,0.0,0.0,0.0,0.46267356210304494,0.0,0.4935103291327429,0.0,0.0,0.0,0.0,0.0,0.0,0.0,0.0,0.0,0.0,0.0,0.0,0.0,0.0,0.0,0.4384063417340543,0.0,0.0,0.0,0.0,0.0,0.0,0.0,0.0,0.0,0.0,0.0,0.0,0.0,0.0,0.0,0.0,0.0,0.0,0.0,0.0,0.0,0.0,0.37993639525655143,0.0,0.0,0.0,0.2618054147903173,0.0,0.0,0.0,0.0,0.0,0.0,0.0,0.0,0.0,0.0,0.0,0.0,0.0,0.0,0.0,0.0,0.0,0.0,0.6235183527065229,1.1009397946784876,0.0,0.0,0.0,0.0,0.0,0.4618795356311109,0.0,0.0,0.0,0.0,0.0,0.7415613148459003,0.0,0.0,0.5796505928821899,0.0,0.0,0.0,0.0,0.0,0.0,0.5160104310997303,0.0,0.0,0.0,0.0,0.0,0.0,0.0,0.0,0.0,0.0,0.0,0.0,0.0,0.0,0.0,0.0,0.0,0.0,0.0,0.0,5.0,3.0,2.0,0.0,0.525105195492506,0.3850858598947525,0.0898089665919541,0.3850858598947525,Positive,Positive,214.63,221.0,214.1,218.85,217.613913473814,7845801.0,0.0,1.0,0.0194709482,0.0306217384,0.0100677491,0.0111507902,0.84767246,1.0,0.0,1.0,0.0,0.0,0.0,1.0,0.0,0.08,0.71,0.09,0.06,0.06,0.63,0.0,0.63
24,2022-04-05,0.0,0.0,0.0,0.0,0.0,0.0,0.0,0.0,0.0,0.0,0.0,0.0,0.4358399609653501,0.45365169584958315,0.0,0.0,0.0,0.0,0.0,0.0,0.4517425084317238,0.0,0.0,0.0,0.0,0.5510998027374244,0.0,0.0,0.0,0.0,0.0,0.0,0.0,0.0,0.0,0.0,0.0,0.0,0.0,0.0,0.0,0.0,0.0,0.0,0.0,0.0,0.0,0.0,0.0,0.0,0.0,0.0,0.0,0.0,0.0,0.36354441116971853,0.0,0.0,0.0,0.0,0.0,0.0,0.0,0.0,0.0,0.3679087805730447,0.0,0.4702986589639686,0.0,0.32866123283678167,0.5329010101666751,0.3134330870818494,0.0,0.0,0.0,0.0,0.0,0.0,0.0,0.0,0.0,0.0,0.0,0.0,0.0,0.0,0.0,0.3882737310857101,0.0,0.0,0.0,0.38570709127571945,0.0,0.35143153678359956,0.0,0.0,0.0,0.0,0.0,0.3861979413056775,0.3882737310857101,0.0,0.0,0.0,0.0,0.0,0.0,0.0,0.7029628953262368,0.0,0.0,0.0,0.0,0.0,0.0,0.0,0.0,0.39524872528819915,0.0,0.0,0.4702986589639686,0.0,0.0,0.0,0.0,0.0,0.0,0.0,0.0,0.0,0.0,0.0,0.0,0.0,0.0,0.0,0.0,0.0,0.0,0.0,0.0,0.0,0.0,0.0,0.0,0.0,0.0,0.0,0.0,0.0,0.0,0.5347424125592019,0.0,0.0,0.3188410444093223,0.0,0.0,0.0,0.0,0.0,0.0,0.0,0.5049503613554681,0.0,0.33920599492198783,0.0,0.0,0.0,0.0,0.0,0.0,0.0,0.0,0.0,0.0,0.34854200985949485,0.0,0.0,0.7187370526373197,0.0,0.0,0.0,0.0,0.0,0.0,0.0,0.0,0.0,0.6883495174698395,0.0,0.0,0.0,0.0,0.5977325266488929,0.0,0.0,0.0,0.0,0.0,0.0,0.0,0.0,0.0,0.0,0.9315768680614943,0.0,0.0,0.0,0.0,0.0,0.0,0.0,0.0,0.0,0.5170891784478706,0.0,0.0,0.0,0.0,0.0,0.0,0.0,0.0,0.35355911448001487,0.0,0.0,0.0,0.4899678599381692,0.0,0.0,0.0,0.3188410444093223,0.0,0.0,0.0,0.5692993849584186,0.0,0.0,0.0,0.0,0.0,0.0,0.0,0.0,0.0,0.0,0.0,0.3134330870818494,0.0,0.0,0.0,0.0,0.0,0.0,0.0,0.43799650115111666,0.0,0.0,0.0,0.0,0.0,0.0,0.0,0.0,0.0,0.0,0.0,0.0,0.0,0.0,0.0,0.0,0.0,0.0,0.0,0.5587317410850605,0.4702986589639686,0.640033918145967,0.0,0.0,0.0,0.6067696298927515,0.0,0.0,0.0,0.0,0.0,0.0,0.0,0.0,0.0,0.0,0.34854200985949485,0.0,0.0,0.0,0.3134330870818494,0.0,8.0,4.0,4.0,0.0,0.4246264421381056,0.5093353658448905,0.0660381788620724,0.5093353658448905,Positive,Positive,218.0,218.27,208.67,210.14,208.953108418493,7230245.0,0.0,1.0,-0.0367210875,-0.0406125884,0.0155794474,-0.0038915008,-1.68341793,0.0,1.0,0.0,1.0,0.0,0.0,0.0,0.0,0.08,0.14,0.12,0.79,0.16,0.22,0.15,0.19
25,2022-04-06,0.0,0.0,0.0,0.0,0.0,0.0,0.0,0.0,0.0,0.0,0.0,0.0,0.0,0.28463806330664043,0.41959849040535124,0.0,0.0,0.0,0.0,0.3457806550157002,0.0,0.0,0.0,0.3364508373912433,0.0,0.0,0.0,0.0,0.0,0.0,0.0,0.0,0.0,0.0,0.0,0.0,0.0,0.0,0.0,0.0,0.0,0.0,0.0,0.0,0.0,0.3457806550157002,0.0,0.0,0.0,0.0,0.0,0.0,0.0,0.0,0.0,0.0,0.0,0.0,0.0,0.0,0.0,0.0,0.0,0.0,0.0,0.0,0.0,0.442931841192427,0.0,0.0,0.0,0.5863911423298114,0.0,0.0,0.0,0.0,0.0,0.0,0.0,0.0,0.0,0.0,0.0,0.0,0.0,0.0,0.0,0.0,0.0,0.0,0.46935584850933987,0.28972990569351553,0.0,0.3309816319348034,0.0,0.0,0.0,0.0,0.0,0.3445641829523733,0.0,0.0,0.0,0.656868685922966,0.0,0.0,0.0,0.0,0.43617061233684984,0.0,0.0,0.0,0.0,0.0,0.0,0.0,0.0,0.7394571954224627,0.0,0.6714847460957701,0.0,0.0,0.0,0.26906034688401814,0.7783100142571104,0.0,0.0,0.0,0.0,0.0,0.0,0.0,0.0,0.0,0.0,0.0,0.6304241399356709,0.534734388955857,0.0,0.0,0.0,0.0,0.0,0.0,0.0,0.0,0.6392557957109386,0.0,0.0,0.0,0.0,0.0,0.0,0.0,0.0,0.0,0.0,0.0,0.3346568548516765,0.0,0.0,0.0,0.0,0.0,0.0,0.0,0.0,0.0,0.0,0.0,0.0,0.0,0.0,0.4993344500580536,0.48494117371076456,0.0,0.0,0.0,0.6975290184801514,0.0,0.0,0.0,0.0,0.0,0.8213920111020079,0.0,0.0,0.0,0.4271033827429229,0.6945044249664198,0.0,0.0,0.0,0.0,0.31880399676090204,0.0,0.442931841192427,0.0,0.0,0.0,0.0,0.0,0.0,0.0,0.0,0.0,0.0,0.0,0.31880399676090204,0.0,0.0,0.0,0.0,0.0,0.0,0.0,0.0,0.0,0.0,0.0,0.0,0.0,0.0,0.0,0.0,0.0,0.0,0.0,0.0,0.0,0.0,0.0,0.0,0.0,0.0,0.6644408140081259,0.0,0.0,0.0,0.0,0.0,0.9595272920175058,0.0,0.0,0.0,0.0,0.0,0.5863911423298114,0.0,0.4016801149511392,0.0,0.0,0.0,0.0,0.0,0.5439738670187242,0.0,0.0,0.0,0.442931841192427,0.0,0.0,0.0,0.0,0.0,0.0,0.0,0.2625973781884076,0.0,0.0,0.0,0.0,0.0,0.0,0.3805198772921896,0.0,0.0,0.39712478119420924,0.0,0.0,0.0,0.519197791278458,0.0,0.0,0.0,0.0,0.0,0.0,0.0,0.0,0.0,0.0,0.3165215376304656,0.0,0.0,0.0,0.28463806330664043,0.0,8.0,4.0,2.0,2.0,0.4004362509585917,0.2660435130819678,0.3335202195448801,0.2660435130819678,Positive,Positive,205.21,205.465,198.08,200.82,199.68574870373,7171285.0,0.0,1.0,-0.0216248606,-0.0453649908,-0.0604612177,-0.0237401302,-1.00342984,0.0,0.0,0.0,1.0,0.0,1.0,0.0,1.0,0.13,0.1,0.05,0.78,0.15,0.13,0.05,0.1
26,2022-04-07,0.0,0.0,0.0,0.0,0.0,0.0,0.0,0.0,0.0,0.0,0.0,0.0,0.37722190993126353,0.43368050565274224,0.0,0.0,0.0,0.0,0.0,0.0,0.0,0.0,0.41523646688764865,0.0,0.0,0.0,0.0,0.0,0.0,0.0,0.0,0.5714184401244563,0.0,0.0,0.0,0.0,0.0,0.44197955891934415,0.0,0.0,0.0,0.0,0.0,0.0,0.0,0.0,0.0,0.0,0.0,0.0,0.0,0.0,0.0,0.0,0.0,0.0,0.0,0.0,0.0,0.0,0.0,0.0,0.0,0.0,0.0,0.0,0.0,0.0,0.0,0.3538232306663196,0.0,0.2712780798777353,0.0,0.0,0.0,0.0,0.0,0.0,0.0,0.0,0.0,0.0,0.0,0.0,0.0,0.0,0.0,0.0,0.0,0.5756817935383347,0.0,0.36439911449894913,0.0,0.0,0.0,0.0,0.0,0.0,0.0,0.0,0.0,0.0,0.0,0.0,0.0,0.0,0.0,0.0,0.0,0.0,0.0,0.0,0.0,0.0,0.0,0.0,0.0,0.3420899697239216,0.0,0.0,0.0,0.0,0.0,0.0,0.0,0.37722190993126353,0.0,0.0,0.0,0.0,0.0,0.0,0.0,0.0,0.603048313804105,0.0,0.0,0.3751002861010631,0.0,0.0,0.0,0.0,0.0,0.0,0.0,0.0,0.0,0.0,0.0,0.0,0.0,0.0,0.0,0.0,0.0,0.0,0.0,0.0,0.0,0.0,0.0,0.0,0.0,0.0,0.0,0.0,0.4348001264756068,0.0,0.0,0.41072993010842385,0.0,0.0,0.0,0.0,0.0,0.3016650477832908,0.0,0.0,0.6976826837905024,0.0,0.0,0.0,0.0,0.0,0.0,0.0,0.0,0.0,0.0,0.0,0.0,0.0,0.0,0.0,0.0,0.0,0.0,0.0,0.0,0.0,0.0,0.0,0.0,0.0,0.0,0.0,0.0,0.0,0.0,0.0,0.0,0.0,0.0,0.0,0.0,0.0,0.0,0.0,0.0,0.0,0.0,0.0,0.0,0.0,0.0,0.0,0.0,0.0,0.0,0.0,0.0,0.0,0.0,0.0,0.0,0.4320828614575864,0.39361817445644104,0.47020958765255505,0.0,0.0,0.0,0.0,0.0,0.3295508375156106,0.0,0.5099975784531513,0.527865202116052,0.2712780798777353,0.0,0.0,0.0,0.0,0.0,0.0,0.0,1.0651224895775386,0.0,0.0,1.0,0.0,0.0,0.0,0.0,0.0,0.0,0.746917478570426,0.0,0.0,0.0,0.0,0.0,0.0,0.6606192224006335,0.0,0.0,0.0,0.0,0.0,0.0,0.0,0.0,0.24019288445452497,0.0,0.0,0.0,0.0,0.0,0.0,0.613910941284977,0.0,0.0,0.0,0.3016650477832908,0.0,0.0,0.0,0.2712780798777353,0.0,8.0,2.0,4.0,2.0,0.1887065225746482,0.5283296429552138,0.282963823992759,0.5283296429552138,Negative,Positive,199.12,202.72,198.19,200.16,199.029476449251,5245971.0,0.0,1.0,0.0052093887,-0.0032919377,-0.030126187,-0.0085013264,0.20528078,0.0,0.0,0.0,0.0,0.0,1.0,0.0,1.0,0.09,0.06,0.15,0.085,0.08,0.06,0.08,0.76
27,2022-04-08,0.0,0.0,0.0,0.0,0.0,0.0,0.0,0.0,0.0,0.0,0.0,0.0,0.0,0.0,0.0,0.0,0.0,0.0,0.0,0.0,0.0,0.0,0.0,0.0,0.0,0.0,0.0,0.0,0.0,0.0,0.0,0.0,0.0,0.0,0.0,0.0,0.0,0.4944238174210281,0.0,0.0,0.0,0.0,0.36241551393331495,0.0,0.0,0.0,0.0,0.0,0.0,0.0,0.0,0.0,0.0,0.0,0.4983432252675577,0.0,0.0,0.0,0.0,0.0,0.0,0.0,0.5705126957246964,0.0,0.0,0.0,0.0,0.0,0.0,0.0,0.0,0.0,0.0,0.0,0.0,0.0,0.0,0.0,0.0,0.0,0.0,0.0,0.0,0.0,0.0,0.0,0.0,0.0,0.0,0.0,0.0,0.0,0.0,0.0,0.0,0.0,0.0,0.0,0.0,0.0,0.0,0.0,0.0,0.3713351769456169,0.0,0.0,0.0,0.0,0.0,0.0,0.0,0.0,0.0,0.4643420432741565,0.0,0.0,0.0,0.0,0.0,0.0,0.0,0.0,0.0,0.0,0.0,0.0,0.0,0.0,0.0,0.0,0.0,0.0,0.0,0.0,0.0,0.0,0.0,0.0,0.0,0.0,0.4983432252675577,0.0,0.0,0.0,0.0,0.0,0.0,0.0,0.0,0.0,0.4983432252675577,0.0,0.0,0.0,0.0,0.0,0.0,0.0,0.0,0.0,0.0,0.0,0.0,0.0,0.0,0.0,0.0,0.0,0.0,0.0,0.0,0.0,0.0,0.0,0.0,0.0,0.0,0.0,0.0,0.0,0.0,0.0,0.0,0.0,0.0,0.0,0.0,0.0,0.0,0.3926110789891784,0.4643420432741565,0.0,0.0,0.0,0.0,0.0,0.0,0.0,0.0,0.0,0.0,0.0,0.0,0.0,0.0,0.0,0.0,0.0,0.0,0.0,0.0,0.0,0.0,0.0,0.0,0.0,0.0,0.0,0.0,0.0,0.0,0.0,0.0,0.0,0.0,0.0,0.0,0.0,0.0,0.0,0.0,0.3813065118433392,0.0,0.0,0.0,0.32338153441515144,0.0,0.0,0.0,0.0,0.0,0.0,0.0,0.0,0.0,0.0,0.0,0.0,0.0,0.0,0.0,0.0,0.0,0.0,0.0,0.17884183824070493,0.0,0.0,0.0,0.0,0.0,0.0,0.0,0.0,0.0,0.0,0.0,0.0,0.0,0.0,0.0,0.0,0.0,0.0,0.0,0.0,0.0,0.0,0.0,0.4722051316795174,0.0,0.0,0.0,0.0,0.0,0.0,0.0,0.0,0.0,0.0,0.0,0.0,0.0,0.0,0.5705126957246964,0.0,0.0,0.0,3.0,0.0,2.0,1.0,0.0358730219304561,0.6242801789194345,0.3398468140512705,0.6242801789194345,Negative,Positive,198.64,200.14,196.62,197.17,196.056364266081,3897664.0,0.0,1.0,-0.0074278404,-0.0150507459,-0.0024135169,-0.0076229055,-0.36394524,0.0,0.0,0.0,0.0,0.0,0.0,0.0,0.0,0.0,0.11,0.04,0.095,0.03,0.04,0.78,0.07
28,2022-04-11,0.0,0.0,0.0,0.0,0.0,0.0,0.0,0.0,0.0,0.0,0.0,0.0,0.0,0.0,0.0,0.0,0.0,0.0,0.0,0.0,0.0,0.0,0.3403307431732857,0.0,0.0,0.0,0.0,0.0,0.0,0.0,0.0,0.0,0.0,0.0,0.0,0.0,0.0,0.0,0.0,0.0,0.0,0.0,0.0,0.0,0.0,0.45453807543745034,0.0,0.0,0.0,0.0,0.0,0.0,0.0,0.0,0.0,0.0,0.0,0.4393074660366431,0.0,0.0,0.0,0.0,0.0,0.0,0.0,0.34876883493604816,0.0,0.0,0.0,0.2899960206944514,0.0,0.0,0.0,0.0,0.0,0.0,0.0,0.0,0.0,0.0,0.0,0.0,0.0,0.0,0.0,0.0,0.0,0.0,0.0,0.0,0.0,0.0,0.0,0.0,0.0,0.0,0.0,0.0,0.0,0.0,0.0,0.0,0.0,0.0,0.3680743270549633,0.0,0.0,0.0,0.2808832928810435,0.0,0.0,0.0,0.0,0.0,0.0,0.0,0.0,0.0,0.0,0.0,0.0,0.0,0.0,0.2943497091117286,0.0,0.0,0.0,0.0,0.0,0.0,0.0,0.0,0.0,0.0,0.0,0.0,0.0,0.0,0.0,0.0,0.0,0.0,0.0,0.0,0.0,0.0,0.0,0.0,0.0,0.0,0.0,0.0,0.0,0.0,0.0,0.0,0.0,0.0,0.4399155375806794,0.0,0.0,0.0,0.0,0.0,0.0,0.0,0.0,0.0,0.0,0.2808832928810435,0.0,0.0,0.0,0.0,0.3680743270549633,0.0,0.0,0.0,0.1670396038809289,0.0,0.0,0.0,0.0,0.0,0.0,0.0,0.0,0.0,0.2750442169928135,0.0,0.0,0.0,0.0,0.0,0.34876883493604816,0.0,0.0,0.0,0.0,0.0,0.0,0.0,0.0,0.0,0.0,0.0,0.0,0.0,0.0,0.0,0.0,0.0,0.0,0.0,0.0,0.0,0.0,0.0,0.0,0.0,0.0,0.0,0.0,0.0,0.0,0.0,0.0,0.0,0.0,0.0,0.42724891914015445,0.0,0.0,0.49231853370951084,0.0,0.27905903592516196,0.0,0.0,0.0,0.0,0.0,0.0,0.0,0.6579183233028595,0.5195699696764532,0.0,0.0,0.0,0.0,0.0,0.0,0.0,0.0,0.0,0.0,0.5052690408914986,0.0,0.0,0.0,0.0,0.0,0.0,0.0,0.0,0.0,0.23436823784996866,0.0,0.0,0.0,0.0,0.0,0.42724891914015445,1.0,0.0,0.0,0.0,0.0,0.25573872487389837,0.0,0.0,0.0,0.0,0.0,0.0,0.42665835598028484,0.0,0.0,0.0,0.0,0.0,0.0,0.0,0.0,0.0,0.0,0.0,0.0,0.0,6.0,1.0,4.0,1.0,0.3000798344922562,0.5331967441986004,0.1667234187480062,0.5331967441986004,Positive,Positive,194.21,197.1,192.16,195.45,194.346078996833,5173760.0,0.0,1.0,0.0063645444,-0.0087617085,-0.0225540934,-0.0151262529,0.25731313,0.0,0.0,0.0,0.0,0.0,0.0,0.0,1.0,0.08,0.77,0.77,0.11,0.06,0.02,0.02,0.73
29,2022-04-12,0.0,0.0,0.0,0.0,0.0,0.0,0.0,0.0,0.0,0.0,0.4321785501791319,0.0,0.0,0.0,0.0,0.0,0.0,0.0,0.0,0.0,0.0,0.0,0.0,0.0,0.474863722204118,0.4148532554396505,0.0,0.0,0.0,0.0,0.0,0.4499571281476372,0.0,0.0,0.0,0.0,0.0,0.0,0.0,0.0,0.3362241988675162,0.384860604263843,0.0,0.0,0.0,0.0,0.0,0.8523991885809914,0.0,0.0,0.4946952019873841,0.0,0.0,0.0,0.0,0.0,0.0,0.0,0.0,0.0,0.0,0.0,0.0,0.4321785501791319,0.0,0.0,0.0,0.0,0.0,0.27573060774023633,0.0,0.0,0.0,0.4645633753465166,0.0,0.0,0.0,0.0,0.0,0.41827532060964706,0.0,0.27193036813978033,0.0,0.0,0.5198935873621022,0.0,0.0,0.0,0.0,0.0,0.5594487315950895,0.0,0.0,0.0,0.0,0.0,0.0,0.4728920724613688,0.0,0.0,0.0,0.0,0.0,0.0,0.0,0.0,0.0,0.0,0.0,0.0,0.0,0.0,0.36467467219423944,0.0,0.0,0.0,0.0,0.0,0.0,0.3998403106153106,0.0,0.38549952351607564,0.0,0.0,0.0,0.0,0.0,0.0,0.0,0.0,0.0,0.0,0.0,0.0,0.38549952351607564,0.44019703430543244,0.0,0.31841134950562805,0.0,0.0,0.0,0.0,0.0,0.5228915980453956,0.0,0.0,0.0,0.0,0.0,0.0,0.0,0.0,0.0,0.0,0.0,0.0,0.4728920724613688,0.0,0.0,0.0,0.0,0.0,0.0,0.0,0.0,0.0,0.0,0.0,0.0,1.0090801222327743,0.0,0.0,0.0,0.0,0.0,0.0,0.0,0.0,0.21460802521709973,0.0,0.384860604263843,0.0,0.0,0.0,0.0,0.0,0.0,0.0,0.0,0.0,0.0,0.3367823752860505,0.30087951319462686,0.0,0.0,0.0,0.0,0.0,0.0,0.0,0.0,0.0,0.38549952351607564,0.0,0.0,0.0,0.0,0.0,0.0,0.0,0.0,0.38549952351607564,0.0,0.0,0.0,0.0,0.0,0.0,0.0,0.0,0.0,0.4989058041959179,0.0,0.0,0.0,0.0,0.0,0.0,0.0,0.0,0.0,0.0,0.0,0.6455445565849112,0.0,0.5503366385819315,0.0,0.0,0.0,0.0,0.0,0.0,0.4645633753465166,0.0,0.0,0.0,0.0,0.0,0.0,0.0,0.0,0.0,0.0,0.6062343186400098,0.0,0.8257098680283853,0.4306380729088508,0.0,0.0,0.0,0.0,0.0,0.3490172468628305,0.0,0.0,0.5604566024249722,0.0,0.0,0.0,0.0,0.0,0.0,0.5253812725287167,0.0,0.0,0.0,0.0,0.0,0.0,0.0,0.0,0.0,0.349596661424652,0.0,0.0,0.4306380729088508,0.0,0.0,0.4882348266820493,0.0,0.36467467219423944,0.0,0.0,0.0,0.0,0.0,0.0,0.0,9.0,2.0,5.0,2.0,0.2749829362663958,0.4455620619571871,0.2794549965506626,0.4455620619571871,Negative,Positive,199.75,201.12,194.58,194.81,193.709693780368,4832184.0,0.0,1.0,-0.0250418601,-0.0032798676,0.0281265368,0.0217619924,-1.15734373,0.0,1.0,0.0,0.0,1.0,0.0,1.0,0.0,0.15,0.12,0.11,0.69,0.05,0.8,0.04,0.07
30,2022-04-13,0.0,0.0,0.0,0.0,0.0,0.0,0.3609789982253676,0.0,0.0,0.0,0.0,0.0,0.0,0.0,0.0,0.0,0.41020247447796987,0.0,0.0,0.0,0.0,0.0,0.0,0.0,0.0,0.0,0.0,0.0,0.0,0.0,0.0,0.0,0.0,0.0,0.0,0.0,0.0,0.0,0.0,0.0,0.0,0.0,0.0,0.0,0.0,0.0,0.0,0.0,0.0,0.0,0.0,0.0,0.0,0.0,0.0,0.0,0.0,0.0,0.0,0.0,0.0,0.0,0.0,0.0,0.0,0.0,0.0,0.0,0.0,0.0,0.0,0.0,0.0,0.0,0.0,0.0,0.0,0.0,0.0,0.0,0.0,0.0,0.0,0.0,0.0,0.0,0.0,0.0,0.0,0.0,0.0,0.44144808613444475,0.0,0.0,0.0,0.0,0.0,0.0,0.0,0.5928545332292919,0.0,0.0,0.0,0.0,0.0,0.0,0.0,0.0,0.0,0.0,0.0,0.0,0.0,0.0,0.0,0.0,0.0,0.0,0.0,0.0,0.0,0.0,0.0,0.0,0.0,0.0,0.0,0.0,0.0,0.0,0.0,0.0,0.0,0.0,0.0,0.34204565598144343,0.0,0.4544119258782516,0.0,0.37796126761851767,0.0,0.0,0.0,0.0,0.36622308784051283,0.0,0.0,0.0,0.0,0.0,0.0,0.0,0.0,0.0,0.0,0.0,0.0,0.0,0.0,0.0,0.0,0.0,0.0,0.0,0.0,0.0,0.5267347697800859,0.0,0.0,0.27546873614823175,0.0,0.0,0.0,0.0,0.0,0.0,0.0,0.0,0.5447856450189366,0.0,0.0,0.0,0.0,0.0,0.0,0.0,0.0,0.0,0.0,0.0,0.0,0.0,0.0,0.0,0.0,0.0,0.0,0.0,0.0,0.0,0.0,0.0,0.0,0.29642726661464597,0.0,0.0,0.0,0.0,0.0,0.0,0.0,0.3609789982253676,0.0,0.0,0.0,0.0,0.0,0.0,0.0,0.0,0.0,0.0,0.0,0.35935698606632305,0.0,0.0,0.0,0.0,0.0,0.0,0.0,0.0,0.0,0.0,0.0,0.0,0.4768452580365175,0.0,0.0,0.0,0.0,0.0,0.0,0.0,0.0,0.0,0.0,0.0,0.0,0.0,0.0,0.498002642855639,0.0,0.0,0.0,0.16434564584474215,0.0,0.0,0.0,0.0,0.0,0.0,0.0,0.0,0.0,0.0,0.0,0.0,0.0,0.0,0.0,0.0,0.0,0.0,0.3273598148007604,0.0,0.0,0.0,0.0,0.0,0.0,0.3346514658401315,0.0,0.0,0.0,0.0,0.0,0.0,0.0,0.0,0.0,0.0,0.0,0.0,0.0,0.9158990984952625,0.37796126761851767,0.0,4.0,3.0,1.0,0.0,0.597340521402657,0.3579345564357936,0.044724904000759,0.3579345564357936,Positive,Positive,191.985,197.1,189.32,195.72,194.614554010029,8733017.0,0.0,1.0,0.0192678224,0.0046603418,-0.0396493407,-0.0146074806,0.83852294,0.0,0.0,0.0,0.0,0.0,1.0,0.0,1.0,0.08,0.73,0.72,0.05,0.04,0.06,0.01,0.05
31,2022-04-14,0.0,0.0,0.8886410342817912,0.0,0.0,0.0,0.0,0.0,0.0,0.0,0.0,0.0,0.0,0.0,0.0,0.0,0.0,0.0,0.0,0.0,0.0,0.0,0.0,0.0,0.0,0.0,0.0,0.0,0.0,0.0,0.0,0.0,0.0,0.0,0.0,0.0,0.35176183537216327,0.0,0.0,0.0,0.0,0.0,0.0,0.0,0.0,0.0,0.0,0.0,0.0,0.0,0.0,0.0,0.0,0.0,0.0,0.0,0.0,0.0,0.0,0.46506695915623736,0.0,0.0,0.0,0.0,0.0,0.0,0.0,0.0,0.0,0.23608948841261648,0.0,0.0,0.0,0.0,0.0,0.0,0.0,0.0,0.0,0.0,0.0,0.0,0.0,0.0,0.3232360212467141,0.0,0.0,0.0,0.0,0.0,0.0,0.0,0.0,0.0,0.36599471750951795,0.0,0.4235740751255539,0.0,0.0,0.0,0.0,0.33331193316124824,0.0,0.0,0.0,0.0,0.0,0.0,0.6233348665280041,0.4235740751255539,0.0,0.0,0.0,0.35176183537216327,0.0,0.0,0.0,0.0,0.0,0.0,0.0,0.0,0.0,0.33873295863380976,0.0,0.0,0.0,0.44569586324227356,0.0,0.0,0.0,0.0,0.0,0.0,0.0,0.0,0.0,0.0,0.0,0.0,0.0,0.0,0.0,0.0,0.0,0.44569586324227356,0.0,0.0,0.0,0.0,0.0,0.0,0.0,0.0,0.0,0.0,0.0,0.0,0.0,0.0,0.0,0.0,0.0,0.0,0.0,0.0,0.0,0.0,0.42231912288631845,0.0,0.0,0.0,0.0,0.0,0.0,0.0,0.0,0.0,0.0,0.0,0.0,0.0,0.0,0.0,0.0,0.0,0.0,0.0,0.926893322795278,0.0,0.0,0.0,0.0,0.0,0.0,0.0,0.35176183537216327,0.0,0.0,0.0,0.0,0.0,0.0,0.0,0.0,0.0,0.3564237928446277,0.35176183537216327,0.0,0.0,0.0,0.0,0.0,0.0,0.0,0.0,0.0,0.0,0.0,0.0,0.0,0.0,0.0,0.0,0.0,0.0,0.0,0.0,0.0,0.7231877915702994,0.0,0.0,0.0,0.0,0.0,0.0,0.0,0.0,0.0,0.0,0.0,0.0,0.0,0.0,0.0,0.0,0.0,0.0,0.0,0.0,0.0,0.0,0.0,0.0,0.0,0.12623776158912567,0.0,0.0,0.0,0.0,0.0,0.0,0.0,0.46506695915623736,0.0,0.0,0.0,0.27454749832605546,0.0,0.0,0.0,0.0,0.0,0.0,0.0,0.0,0.0,0.8618342136311437,0.0,0.0,0.0,0.0,0.0,0.0,0.0,0.0,0.0,0.0,0.0,0.0,0.0,0.0,0.0,0.0,0.0,0.0,0.0,0.0,4.0,0.0,3.0,1.0,0.082487991079688,0.6438073571771383,0.273704623337835,0.6438073571771383,Negative,Positive,196.32,196.45,189.22,189.41,188.34019351645,5126676.0,0.0,1.0,-0.0358320033,-0.0327710888,0.022328737,0.0030609145,-1.64337039,0.0,1.0,0.0,1.0,1.0,0.0,0.0,0.0,0.04,0.09,0.09,0.74,0.73,0.17,0.18,0.04
32,2022-04-18,0.0,0.0,0.0,0.0,0.0,0.0,0.0,0.0,0.0,0.0,0.0,0.0,0.0,0.0,0.493068679605626,0.0,0.8960532155328582,0.0,0.0,0.0,0.0,0.0,0.0,0.0,0.0,0.0,0.0,0.0,0.0,0.0,0.0,0.0,0.0,0.0,0.0,0.0,0.0,0.0,0.0,0.5769108717669705,0.0,0.0,0.0,0.0,0.0,0.0,0.0,0.0,0.0,0.0,0.0,0.0,0.0,0.0,0.0,0.0,0.0,0.0,0.0,0.0,0.0,0.0,0.0,0.0,0.0,0.0,0.0,0.0,0.0,0.0,0.0,0.35458895978666155,0.0,0.0,0.0,0.0,0.0,0.0,0.0,0.0,0.0,0.0,0.0,0.5392164061573792,0.0,0.0,0.0,0.0,0.0,0.0,0.0,0.0,0.0,0.0,0.0,0.0,0.0,0.0,0.0,0.0,0.0,0.0,0.0,0.0,0.0,0.0,0.0,0.0,0.0,0.0,0.0,0.0,0.0,0.0,0.0,0.0,0.0,0.0,0.0,0.0,0.0,0.0,0.0,0.0,0.0,0.0,0.0,0.0,0.0,0.0,0.0,0.0,0.0,0.0,0.0,0.0,0.0,0.0,0.0,0.8256249785607681,0.0,0.0,0.0,0.0,0.0,0.0,0.0,0.0,0.0,0.0,0.0,0.0,0.0,0.0,0.0,0.0,0.0,0.0,0.0,0.0,0.0,0.0,0.0,0.0,0.0,0.0,0.0,0.0,0.0,0.0,0.0,0.0,0.0,0.0,0.0,0.0,0.0,0.0,0.7447780537277583,0.0,0.0,0.0,0.0,0.0,0.0,0.0,0.0,0.0,0.0,0.0,0.0,0.0,0.0,0.0,0.0,0.0,0.0,0.0,0.0,0.0,0.0,0.0,0.0,0.0,0.0,0.0,0.4312123411883476,0.0,0.0,0.0,0.0,0.0,0.0,0.0,0.0,0.0,0.0,0.0,0.0,0.0,0.0,0.0,0.0,1.1221205984155675,0.0,0.0,0.0,0.0,0.0,0.0,0.0,0.0,0.0,0.0,0.0,0.0,0.0,0.0,0.0,0.0,0.0,0.0,0.0,0.0,0.0,0.0,0.0,0.35458895978666155,0.0,0.0,0.0,0.0,0.0,0.0,0.0,0.0,0.0,0.0,0.0,0.0,0.0,0.0,0.0,0.0,0.0,0.0,0.0,0.0,0.0,0.0,0.0,0.0,0.0,0.0,0.0,0.0,0.0,0.0,0.0,0.0,0.0,0.3139573425367568,0.0,0.493068679605626,0.0,0.0,0.0,0.0,0.0,0.0,0.0,0.0,0.0,0.0,0.0,0.0,0.0,0.0,3.0,2.0,1.0,0.0,0.5572654803593954,0.4330401122570038,0.0096943794439236,0.4330401122570038,Positive,Positive,188.3,189.35,185.53,187.01,185.953748954708,4899472.0,0.0,1.0,-0.0068743443,-0.0127518863,-0.0417095453,-0.005877542,-0.3390138,0.0,0.0,0.0,0.0,0.0,1.0,0.0,0.0,0.73,0.15,0.1,0.05,0.13,0.73,0.73,0.09
33,2022-04-19,0.0,0.0,0.0,0.0,0.0,0.0,0.0,0.0,0.0,0.0,0.0,0.0,0.0,0.0,0.0,0.0,0.0,0.0,0.0,0.0,0.0,0.0,0.361822141633202,0.0,0.0,0.0,0.0,0.0,0.0,0.0,0.0,0.0,0.0,0.0,0.0,0.0,0.0,0.0,0.0,0.0,0.0,0.0,0.0,0.0,0.0,0.0,0.0,0.0,0.0,0.0,0.0,0.0,0.0,0.0,0.0,0.43566874613996714,0.7311125669781101,0.0,0.48943458802230794,0.0,0.0,0.0,0.0,0.0,0.0,0.0,0.0,0.0,0.3768981183978337,0.3083088536005319,0.0,0.0,0.0,0.0,0.0,0.49389381573619046,0.0,0.0,0.0,0.0,0.0,0.33988316385283096,0.0,0.0,0.0,0.0,0.0,0.0,0.0,0.0,0.0,0.32014821207952565,0.0,0.0,0.0,0.0,0.0,0.0,0.0,0.0,0.0,0.0,0.0,0.0,0.0,0.0,0.0,0.0,0.0,0.0,0.0,0.0,0.0,0.0,0.0,0.0,0.0,0.0,0.0,0.0,0.0,0.0,0.0,0.0,0.0,0.0,0.49389381573619046,0.48103358486341713,0.0,0.5531446503396563,0.49389381573619046,0.0,0.0,0.0,0.0,0.0,0.0,0.0,0.0,0.0,0.4972435659870623,0.0,0.0,0.0,0.0,0.0,0.0,0.0,0.0,0.0,0.0,0.4438519051793682,0.0,0.0,0.0,0.48103358486341713,0.0,0.0,0.0,0.48103358486341713,0.0,0.0,0.0,0.0,0.0,0.0,0.38200005862944697,0.0,0.0,0.0,0.0,0.43440486701884473,0.0,0.0,0.0,0.0,0.0,0.0,0.0,0.0,0.0,0.0,0.0,0.4204300166016706,0.0,0.0,0.0,0.0,0.0,0.0,0.0,0.0,0.43566874613996714,0.0,0.0,0.0,0.0,0.0,0.0,0.0,0.0,0.0,0.0,0.0,0.0,0.0,0.0,0.0,0.0,0.0,0.0,0.0,0.0,0.0,0.0,0.0,0.0,0.0,0.0,0.0,0.0,0.0,0.0,0.0,0.0,0.0,0.0,0.0,0.0,0.0,0.0,0.0,0.0,0.0,0.0,0.6555511908968052,0.0,0.48765551899840587,0.0,0.0,0.0,0.0,0.0,0.0,0.0,0.0,0.0,0.0,0.4083244505411395,0.9424437169567499,0.0,0.0,0.0,0.0,0.0,0.7511091312087734,0.0,0.0,0.43440486701884473,0.0,0.0,0.0,0.0,0.0,0.0,1.7076375773243782,0.0,0.0,0.0,0.0,0.4317252887952471,0.0,0.0,0.0,0.0,0.46376375230444983,0.0,0.0,0.0,0.0,0.0,0.0,0.0,0.0,0.0,0.0,0.0,0.0,0.5579234686717468,0.0,0.0,0.0,0.0,0.0,0.0,0.0,0.35518235412363963,0.0,7.0,1.0,6.0,0.0,0.1750101989933422,0.7524313202926091,0.0725584664781178,0.7524313202926091,Positive,Positive,187.24,192.2,185.52,191.39,190.309010279887,6120405.0,0.0,1.0,0.0219220146,0.0231511397,-0.0056452192,0.0012291251,0.95807726,1.0,0.0,1.0,0.0,0.0,0.0,0.0,0.0,0.1,0.68,0.68,0.12,0.04,0.68,0.59,0.13
34,2022-04-20,0.0,0.0,0.0,0.0,0.0,0.0,0.0,0.0,0.0,0.0,0.0,0.0,0.0,0.41610093257490544,0.0,0.0,0.0,0.0,0.0,0.0,0.0,0.0,0.0,0.0,0.0,0.0,0.0,0.0,0.0,0.0,0.0,0.0,0.0,0.0,0.0,0.0,0.0,0.5823821481422236,0.0,0.0,0.0,0.0,0.0,0.0,0.0,0.0,0.0,0.0,0.0,0.0,0.0,0.0,0.0,0.0,0.0,0.0,0.0,0.0,0.0,0.0,0.0,0.0,0.0,0.0,0.0,0.0,0.0,0.0,0.0,0.0,0.0,0.0,0.44154124418149937,0.0,0.0,0.0,0.0,0.0,0.0,0.0,0.0,0.0,0.0,0.0,0.0,0.0,0.0,0.0,0.0,0.0,0.0,0.0,0.0,0.3593144099763998,0.0,0.0,0.0,0.0,0.0,0.0,0.0,0.0,0.0,0.0,0.0,0.0,0.40201463607176335,0.0,0.0,0.0,0.0,0.0,0.0,0.0,0.0,0.0,0.0,0.0,0.0,0.0,0.0,0.0,0.0,0.0,0.0,0.0,0.0,0.0,0.0,0.0,0.0,0.0,0.0,0.0,0.0,0.0,0.0,0.0,0.0,0.0,0.0,0.0,0.0,0.0,0.0,0.0,0.0,0.0,0.4808478109418681,0.0,0.0,0.0,0.0,0.0,0.0,0.0,0.0,0.0,0.406567056802152,0.0,0.0,0.0,0.0,0.0,0.420081110459134,0.0,0.0,0.0,0.0,0.0,0.0,0.0,0.0,0.0,0.0,0.0,0.0,0.0,0.0,0.0,0.0,0.0,0.0,0.0,0.0,0.0,0.0,0.0,0.0,0.0,0.0,0.0,0.0,0.0,0.0,0.0,0.0,0.0,0.0,0.0,0.0,0.0,0.0,0.0,0.0,0.0,0.0,0.0,0.0,0.0,0.0,0.0,0.0,0.0,0.0,0.0,0.0,0.5247160238335482,0.0,0.0,0.0,0.0,0.0,0.0,0.0,0.0,0.5671525959126857,0.0,0.0,0.0,0.0,0.0,0.0,0.0,0.4808478109418681,0.25826151313502965,0.0,0.0,0.0,0.0,0.0,0.0,0.0,0.0,0.0,0.0,0.0,0.0,0.0,0.0,0.0,0.0,0.0,0.0,0.0,0.0,0.0,0.0,0.0,0.0,0.0,0.0,0.0,0.0,0.0,0.0,0.0,0.0,0.0,0.0,0.0,0.5823821481422236,0.0,0.44154124418149937,0.0,0.0,0.0,0.0,0.0,0.0,0.0,0.0,0.0,0.0,0.0,0.0,0.0,0.0,0.0,0.0,0.0,0.0,0.0,0.0,0.0,0.0,0.0,0.0,4.0,2.0,2.0,0.0,0.3821698701940477,0.5882836170494556,0.0295464907540007,0.5882836170494556,Positive,Positive,192.89,193.3,186.08,186.23,185.178154472142,5947447.0,0.0,1.0,-0.0351376093,-0.0273307621,0.0297288618,0.0078068472,-1.6120924,0.0,1.0,0.0,1.0,1.0,0.0,1.0,0.0,0.18,0.73,0.09,0.115,0.07,0.74,0.07,0.13
35,2022-04-21,0.0,0.0,0.0,0.0,0.0,0.0,0.0,0.0,0.0,0.0,0.0,0.0,0.0,0.0,0.0,0.36423153796092506,0.0,0.0,0.0,0.0,0.0,0.0,0.0,0.0,0.3391594791235037,0.0,0.0,0.592782435651936,0.0,0.0,0.0,0.0,0.0,0.0,0.0,0.0,0.0,0.4944238174210281,0.0,0.0,0.3587859890479735,0.41068606308379635,0.0,0.0,0.0,0.0,0.0,0.0,0.0,0.0,0.0,0.0,0.0,0.0,0.0,0.0,0.0,0.0,0.0,0.0,0.0,0.0,0.5705126957246964,0.0,0.0,0.0,0.0,0.0,0.0,0.0,0.0,0.0,0.0,0.0,0.0,0.0,0.0,0.0,0.47542053428400544,0.0,0.0,0.5298172171465378,0.0,0.0,0.0,0.0,0.2962985114435039,0.0,0.0,0.0,0.0,0.0,0.0,0.0,0.0,0.0,0.0,0.0,0.0,0.0,0.0,0.0,0.0,0.2852972404146186,0.0,0.0,0.0,0.0,0.2722449720754277,0.0,0.0,0.0,0.3891455861435815,0.0,0.0,0.0,0.0,0.0,0.0,0.0,0.0,0.0,0.0,0.2852972404146186,0.0,0.0,0.0,0.0,0.0,0.0,0.0,0.3391594791235037,0.0,0.0,0.0,0.0,0.0,0.24021271535037758,0.0,0.24390558938032558,0.0,0.0,0.0,0.20805233558042321,0.0,0.0,0.55268342272116,0.0,0.0,0.0,0.47542053428400544,0.0,0.0,0.0,0.0,0.0,0.3567545220042638,0.0,0.0,0.0,0.0,0.0,0.45048473544351814,0.0,0.0,0.0,0.0,0.0,0.0,0.31340097708608494,0.0,0.41533970090433514,0.0,0.41533970090433514,0.0,0.0,0.0,0.0,0.15391745873325316,0.0,0.41068606308379635,0.0,0.0,0.0,0.0,0.3567545220042638,0.0,0.0,0.2665854718757817,0.0,0.0,0.0,0.0,0.0,0.0,0.0,0.0,0.0,0.0,0.0,0.3391594791235037,0.0,0.0,0.0,0.0,0.0,0.0,0.0,0.0,0.0,0.0,0.0,0.3567545220042638,0.0,0.0,0.0,0.0,0.0,0.0,0.0,0.0,0.0,0.0,0.0,0.0,0.0,0.0,0.0,0.0,0.0,0.0,0.0,0.0,0.3213705702809252,0.0,0.5439594421480247,0.0,0.3116699969400228,0.0,0.0,0.0,0.0,0.0,0.2962985114435039,0.0,0.0,0.0,0.0,0.0,0.0,0.0,0.0,0.0,0.0,0.0,0.36261030078762535,0.0,0.0,0.0,0.0,0.0,0.0,0.0,0.0,0.0,0.0,0.0,0.27844425313835314,0.0,0.0,0.0,0.0,0.0,0.0,0.0,0.0,0.0,0.2478737033369447,0.0,0.0,0.0,0.0,0.0,0.0,0.0,0.0,0.0,0.0,0.0,0.0,0.3891455861435815,0.0,0.0,0.0,0.5705126957246964,0.0,0.24390558938032558,0.0,5.0,0.0,4.0,1.0,0.139772805571556,0.6394730791449547,0.2207541311159729,0.6394730791449547,Negative,Positive,188.78,190.17,176.74,177.23,176.228987365611,9119512.0,0.0,1.0,-0.0631339918,-0.0495341449,-0.0215377623,0.013599847,-2.87314966,0.0,1.0,0.0,1.0,0.0,0.0,1.0,0.0,0.13,0.67,0.06,0.74,0.1,0.14,0.1,0.8
36,2022-04-22,0.0,0.0,0.0,0.0,0.0,0.0,0.0,0.0,0.0,0.0,0.0,0.0,0.0,0.3534273307483283,0.0,0.0,0.0,0.0,0.0,0.0,0.0,0.0,0.0,0.0,0.0,0.0,0.0,0.5039482754228096,0.0,0.0,0.0,0.0,0.0,0.0,0.0,0.0,0.0,0.0,0.0,0.0,0.0,0.0,0.0,0.0,0.0,0.0,0.0,0.0,0.0,0.0,0.0,0.0,0.0,0.0,0.0,0.0,0.0,0.0,0.0,0.0,0.0,0.0,0.0,0.0,0.0,0.0,0.0,0.0,0.0,0.0,0.0,0.0,0.3750357933126501,0.0,0.0,0.0,0.0,0.0,0.0,0.0,0.0,0.0,0.0,0.0,0.0,0.0,0.0,0.0,0.0,0.0,0.0,0.0,0.0,0.0,0.0,0.0,0.0,0.0,0.0,0.0,0.0,0.0,0.0,0.0,0.0,0.0,0.34146272845237263,0.0,0.0,0.0,0.0,0.0,0.0,0.0,0.0,0.0,0.0,0.0,0.0,0.0,0.0,0.0,0.0,0.0,0.0,0.0,0.0,0.0,0.0,0.0,0.0,0.0,0.0,0.5265561338144783,0.0,0.0,0.0,0.0,0.0,0.0,0.0,0.0,0.0,0.0,0.0,0.0,0.4698584859869989,0.0,0.0,0.0,0.0,0.0,0.0,0.0,0.0,0.0,0.0,0.0,0.0,0.0,0.0,0.0,0.0,0.0,0.0,0.0,0.0,0.0,0.0,0.0,0.0,0.0,0.0,0.0,0.0,0.0,0.0,0.0,0.0,0.0,0.0,0.0,0.0,0.0,0.0,0.0,0.0,0.0,0.0,0.0,0.0,0.0,0.0,0.0,0.0,0.0,0.0,0.0,0.0,0.0,0.0,0.0,0.0,0.0,0.0,0.0,0.0,0.0,0.0,0.0,0.0,0.0,0.0,0.0,0.0,0.0,0.0,0.44568269183338854,0.0,0.5277836418711936,0.0,0.0,0.0,0.0,0.0,0.0,0.0,0.0,0.0,0.0,0.0,0.0,0.0,0.0,0.0,0.0,0.0,0.0,0.0,0.0,0.0,0.0,0.0,0.0,0.0,0.0,0.0,0.0,0.0,0.0,0.0,0.0,0.0,0.0,0.0,0.1994266063423738,0.0,0.0,0.0,0.0,0.0,0.0,0.0,0.0,0.0,0.0,0.0,0.0,0.0,0.0,0.0,0.0,0.0,0.3750357933126501,0.0,0.0,0.0,0.0,0.0,0.0,0.0,0.0,0.0,0.0,0.0,0.0,0.0,0.0,0.0,0.0,0.0,0.0,0.0,0.0,0.0,0.0,0.0,0.0,3.0,0.0,2.0,1.0,0.1627926267683505,0.5150256976485252,0.3221816904842853,0.5150256976485252,Negative,Positive,177.7,179.05,171.1,171.43,170.461746341402,8843906.0,0.0,1.0,-0.0359217151,-0.033273304,-0.0604855807,0.0026484111,-1.64741133,0.0,1.0,0.0,1.0,0.0,1.0,0.0,0.0,0.69,0.07,0.0,0.715,0.03,0.05,0.01,0.85
37,2022-04-25,0.0,0.0,0.0,0.0,0.0,0.0,0.0,0.0,0.0,0.0,0.0,0.0,0.0,0.0,0.0,0.0,0.0,0.0,0.0,0.4187861683660567,0.0,0.0,0.0,0.0,0.0,0.0,0.0,0.0,0.0,0.0,0.0,0.0,0.0,0.0,0.8368652107448038,0.0,0.0,0.42357341052437636,0.0,0.0,0.0,0.0,0.0,0.0,0.0,0.0,0.0,0.0,0.0,0.0,0.0,0.0,0.0,0.0,0.0,0.0,0.0,0.0,0.0,0.4702911696348806,0.0,0.0,0.48875883353690514,0.0,0.0,0.4456244058819558,0.0,0.0,0.0,0.0,0.0,0.34473439209001044,0.0,0.0,0.0,0.0,0.0,0.0,0.0,0.0,0.0,0.0,0.0,0.0,0.0,0.0,0.0,0.0,0.0,0.0,0.0,0.9061659727914901,0.0,0.0,0.0,0.0,0.0,0.0,0.0,0.0,0.4702911696348806,0.0,0.0,0.0,0.0,0.0,0.0,0.0,0.3588865689081247,0.0,0.0,0.0,0.0,0.0,0.0,0.0,0.0,0.0,0.0,0.0,0.0,0.0,0.0,0.0,0.0,0.0,0.0,0.0,0.0,0.0,0.0,0.0,0.0,0.0,0.0,0.0,0.0,0.36929244832283953,0.0,0.0,0.0,0.0,0.4542228345930284,0.0,0.0,0.0,0.0,0.0,0.0,0.5158132284934587,0.0,0.0,0.0,0.0,0.0,0.0,0.0,0.0,0.0,0.0,0.0,0.0,0.0,0.0,0.0,0.0,0.42806793059602,0.0,0.0,0.0,0.0,0.0,0.0,0.0,0.0,0.0,0.0,0.0,0.4664475106816882,0.0,0.0,0.0,0.0,0.0,0.0,0.0,0.0,0.0,0.3514259403686817,0.0,0.0,0.0,0.0,0.0,0.0,0.0,0.0,0.0,0.0,0.0,0.0,0.5484586887460611,0.0,0.0,0.0,0.0,0.0,0.0,0.0,0.0,0.0,0.0,0.0,0.0,0.0,0.0,0.0,0.0,0.0,0.0,0.0,0.0,0.0,0.0,0.0,0.0,0.0,0.0,0.0,0.0,0.0,0.0,0.0,0.0,0.0,0.8525983703527976,0.38752361631156246,0.0,0.0,0.0,0.0,0.0,0.0,0.0,0.0,0.0,0.0,0.34473439209001044,0.0,0.0,0.0,0.0,0.0,0.0,0.0,0.19682691591075532,0.0,0.0,0.0,0.0,0.0,0.0,0.0,0.0,0.0,0.3052319894187392,0.0,0.0,0.0,0.0,0.0,0.0,0.0,0.0,0.0,0.0,0.0,0.3267591766157568,0.0,0.0,0.0,0.3052319894187392,0.0,0.0,0.0,0.0,0.0,0.0,0.8177616181565432,0.0,0.0,0.0,0.3833495021390848,0.0,0.48875883353690514,0.0,0.0,0.0,8.0,2.0,5.0,1.0,0.2680005833972245,0.574749895138666,0.157249515526928,0.574749895138666,Positive,Positive,169.69,174.76,169.2278,174.57,173.584011309681,7988936.0,0.0,1.0,0.0283525644,0.0181507873,-0.0461234922,-0.010201777,1.24773224,1.0,0.0,0.0,0.0,0.0,1.0,0.0,1.0,0.03,0.04,0.78,0.095,0.64,0.08,0.08,0.07
38,2022-04-26,0.0,0.0,0.0,0.0,0.0,0.0,0.0,0.0,0.0,0.0,0.0,0.0,0.0,0.0,0.0,0.0,0.0,0.0,0.0,0.37009696587934826,0.0,0.0,0.0,0.0,0.0,0.0,0.0,0.592782435651936,0.9065595107367288,0.0,0.0,0.0,0.0,0.0,0.0,0.0,0.0,0.0,0.0,0.0,0.660645767796351,0.0,0.0,0.0,0.0,0.0,0.0,0.0,0.43401742145492217,0.0,0.0,0.0,0.0,0.0,0.0,0.0,0.0,0.0,0.0,0.0,0.0,0.0,0.0,0.0,0.0,0.0,0.0,0.0,0.0,0.0,0.0,0.30465464760826005,0.0,0.0,0.0,0.42207801825347785,0.0,0.0,0.0,0.0,0.0,0.0,0.0,0.0,1.0815313754265385,0.46506695915623736,0.0,0.0,0.0,0.0,0.0,0.2771063245310671,0.0,0.3165607060590037,0.0,0.0,0.46506695915623736,0.0,0.0,0.0,0.0,0.0,0.0,0.0,0.0,0.0,0.0,0.0,0.354899891940769,0.0,0.0,0.6222899998521869,0.0,0.0,0.0,0.0,0.0,0.0,0.0,0.0,0.0,0.0,0.0,0.6195789137258336,0.0,0.0,0.0,0.0,0.4968000746073436,0.0,0.0,0.0,0.0,0.0,0.0,0.0,0.0,0.0,0.0,0.0,0.0,0.0,0.0,0.46388655248968585,0.0,0.0,0.55268342272116,0.0,0.4968000746073436,0.0,0.0,0.0,0.0,0.0,0.0,0.0,0.0,0.0,0.0,0.4968000746073436,0.0,0.0,0.0,0.0,0.0,0.0,0.0,0.0,0.0,0.0,0.0,0.0,0.0,0.0,0.0,0.3387802614555819,0.0,0.0,0.19225336028695625,0.0,0.0,0.7949674280132146,0.0,0.0,0.0,0.0,0.0,0.0,0.3475221394923725,0.0,0.0,0.0,0.590217278561043,0.0,0.0,0.0,0.0,0.0,0.0,0.0,0.0,0.0,0.0,0.0,0.46506695915623736,0.0,0.0,0.0,0.0,0.0,0.0,0.0,0.0,0.0,0.0,0.0,0.0,0.0,0.0,0.0,0.0,0.0,0.0,0.0,0.0,0.40141367030311453,0.0,0.0,0.0,0.0,0.0,0.0,0.0,0.0,0.0,0.6829513316906974,0.0,0.0,0.0,0.0,0.0,0.0,0.0,0.0,0.0,0.0,0.0,0.30465464760826005,0.0,0.0,0.0,0.0,0.0,0.0,0.0,0.5126219721389348,0.0,0.0,0.0,0.0,0.0,0.0,0.0,0.0,0.0,0.0,0.0,0.0,0.0,0.0,0.6046963077593864,0.0,0.0,0.0,0.0,0.0,0.0,0.3231293854891359,0.0,0.0,0.0,0.2697449001573777,0.0,0.0,0.0,0.0,0.6222899998521869,0.0,0.0,0.0,0.0,0.0,0.3387802614555819,0.0,0.0,0.0,0.0,0.0,7.0,1.0,4.0,2.0,0.1852249440604022,0.4614811643425907,0.353293883481196,0.4614811643425907,Negative,Positive,172.62,173.72,167.55,170.08,169.119371275422,8011625.0,0.0,1.0,-0.0148237322,-0.0260568927,0.0171194038,-0.0112331605,-0.69708268,0.0,0.0,0.0,1.0,1.0,0.0,0.0,1.0,0.81,0.1,0.1,0.16,0.72,0.09,0.81,0.07
39,2022-04-27,0.0,0.0,0.0,0.0,0.0,0.0,0.0,0.0,0.0,0.0,0.0,0.0,0.0,0.0,0.0,0.0,0.0,0.0,0.0,0.0,0.0,0.0,0.3623253204212623,0.0,0.0,0.0,0.0,0.0,0.0,0.3129660233722026,0.0,0.0,0.0,0.0,0.0,0.0,0.0,0.0,0.0,0.5521932151237138,0.5091132879010549,0.0,0.0,0.0,0.0,0.0,0.0,0.0,0.6100793844568413,0.0,0.4850508658656392,0.0,0.0,0.0,0.0,0.4323256804866191,0.0,0.0,0.0,0.0,0.0,0.0,0.0,0.0,0.0,0.0,0.0,0.0,0.9471895220873545,0.9952971751029349,0.0,0.0,0.0,0.0,0.0,0.0,0.0,0.0,0.7053076239367205,0.0,0.0,0.3913780948114066,0.0,0.0,0.0,0.0,0.0,0.5804789210759616,0.0,0.0,0.0,0.46135475566166495,0.0,0.26091427180013627,0.4785475931059795,0.0,0.0,0.0,0.0,0.0,0.0,0.0,0.0,0.0,0.0,0.0,0.40331783061298654,0.0,0.0,0.746722872513524,0.0,0.0,0.0,0.0,0.0,0.0,0.0,0.0,0.3308514085075222,0.0,0.0,0.0,0.0,0.0,0.0,0.0,0.0,0.0,0.34916511265670497,0.0,0.0,0.0,0.0,0.0,0.0,0.0,0.0,0.0,0.0,0.0,0.0,0.0,0.0,0.0,0.9711673860192652,0.0,0.0,0.0,0.0,0.0,0.0,0.0,0.0,0.0,0.0,0.0,0.0,0.0,0.0,0.0,0.0,0.0,0.0,0.7325287009439894,0.0,0.39831209861093375,0.4323256804866191,0.0,0.0,0.0,0.0,0.0,0.0,0.0,0.0,0.0,0.0,0.0,0.26343312181965484,0.0,0.0,0.0,0.0,0.0,0.0,0.0,0.0,0.0,0.0,0.0,0.0,0.0,0.45483899831301566,0.0,0.0,0.0,0.0,0.0,0.0,0.0,0.0,0.0,0.0,0.0,0.0,0.4398764537531079,0.0,0.0,0.0,0.0,0.0,0.0,0.0,0.0,0.0,0.0,0.0,0.0,0.0,0.0,0.0,0.0,0.5748926539285295,0.0,0.0,0.0,0.4642100494520087,0.0,0.0,0.0,0.45486076304388867,0.0,0.0,0.0,0.0,0.5280181969979236,0.0,0.0,0.0,0.0,0.0,0.0,0.0,0.0,0.0,0.0,0.0,0.0,0.0,0.0,0.0,0.0,0.0,0.0,0.0,0.6003575201380996,0.0,0.0,0.0,0.34916511265670497,0.0,0.0,0.0,0.0,0.0,0.0,0.0,0.0,0.0,0.0,0.4947799591343172,0.0,0.0,0.0,0.0,0.0,0.0,0.5188244362999729,0.0,0.0,0.0,0.0,0.3166461959729407,0.0,0.0,0.0,0.0,0.0,0.5382313118400889,0.0,0.0,0.4596099562994479,0.0,0.0,0.0,0.0,0.0,0.0,11.0,2.0,5.0,4.0,0.2134424205869436,0.3993762763725085,0.3871813115071166,0.3993762763725085,Negative,Negative,171.0,177.23,170.625,174.68,173.693390018761,9644616.0,0.0,1.0,0.0212921721,0.026686814,-0.0094290903,0.0053946419,0.9297069,1.0,0.0,1.0,0.0,0.0,0.0,0.0,0.0,0.78,0.11,0.79,0.045,0.15,0.81,0.08,0.75
40,2022-04-28,0.0,0.0,0.0,0.0,0.0,0.0,0.0,0.0,0.0,0.0,0.0,0.0,0.0,0.0,0.0,0.0,0.0,0.4329066005673018,0.0,0.0,0.0,0.0,0.0,0.0,0.0,1.0639167366129245,0.0,0.0,0.0,0.0,0.0,0.0,0.0,0.0,0.0,0.0,0.0,0.0,0.0,0.0,0.0,0.0,0.5613984647130805,0.0,0.0,0.0,0.0,0.0,0.3991329424783126,0.0,0.0,0.0,0.0,0.0,0.0,0.0,0.0,0.0,0.0,0.0,0.0,0.0,0.0,0.0,0.0,0.0,0.0,0.0,0.0,0.36419583364926944,0.0,0.0,0.0,0.0,0.0,0.0,0.0,0.37038954822787945,0.0,0.0,0.0,0.0,0.0,0.0,0.0,0.0,0.0,0.0,0.0,0.0,0.0,0.0,0.0,0.0,0.0,0.0,0.0,0.6894414204030505,0.0,0.0,0.0,0.0,0.0,0.27901424132685027,0.0,0.3488978447610752,0.7571095590963882,0.0,0.0,0.0,0.0,0.0,0.0,0.0,0.0,0.0,0.0,0.0,0.0,0.0,0.0,0.3488978447610752,0.0,0.0,0.0,0.0,0.0,0.0,0.0,0.0,0.0,0.0,0.0,0.0,0.0,0.0,0.4930783060963362,0.0,0.0,0.0,0.0,0.0,0.5348013921883855,0.4008264102625587,0.2962011956965982,0.0,0.0,0.0,0.0,0.0,0.0,0.0,0.0,0.0,0.30415498381785966,0.0,0.0,0.0,0.0,0.0,0.0,0.0,0.0,0.5163229278269288,1.2305071639323137,0.0,0.0,0.0,0.0,0.0,1.3346296850468418,0.5708384305165883,0.0,0.0,0.0,0.0,0.0,0.3488978447610752,0.5202191242613957,0.41431961526044647,0.0,0.0,0.3509626227982933,0.4772159249519026,0.0,0.0,0.0,1.3346296850468418,0.0,0.0,0.0,0.5493014011386995,0.0,0.0,0.0,0.0,0.0,0.0,0.0,0.0,0.0,0.0,0.3488978447610752,1.1566310595175757,0.0,0.0,0.2962011956965982,0.0,0.0,0.3509626227982933,0.0,0.0,0.0,0.0,0.0,1.3346296850468418,0.0,0.0,0.0,0.0,0.0,0.0,0.31640381963180825,0.0,0.0,0.0,0.36535928438932325,0.0,0.0,0.0,0.0,0.0,0.0,0.0,0.0,0.0,0.0,0.30480620006763426,0.0,0.0,0.0,0.0,0.0,0.0,0.0,0.0,0.0,0.0,0.0,0.0,0.0,0.0,0.0,0.0,0.0,0.23449212370410435,0.0,0.0,0.0,0.0,0.0,0.9838783885776616,0.0,0.0,0.0,0.896854237346185,0.0,0.4907428366207143,0.0,0.0,0.0,0.0,0.0,0.0,0.0,0.0,0.0,0.4368639069696014,0.0,0.0,0.0,0.0,0.0,0.0,0.0,0.0,0.0,0.0,0.0,0.0,0.0,0.0,0.36535928438932325,0.0,0.0,0.0,0.0,0.41431961526044647,9.0,1.0,7.0,1.0,0.241875811583466,0.6204934715189867,0.1376306986850168,0.6204934715189867,Positive,Negative,181.41,186.93,178.98,185.74,184.690922040787,10617861.0,0.0,1.0,0.0235881834,0.0613921177,0.0590961065,0.0378039343,1.03312747,1.0,0.0,1.0,0.0,1.0,0.0,1.0,0.0,0.21,0.78,0.18,0.14,0.08,0.11,0.05,0.1
41,2022-04-29,0.0,0.0,0.0,0.0,0.0,0.0,0.0,0.0,0.0,0.0,0.0,0.0,0.0,0.0,0.0,0.0,0.0,0.0,0.0,0.0,0.0,0.0,0.6497619895825684,0.0,0.0,0.0,0.3868196724022257,0.0,0.0,0.5503250211531499,0.0,0.0,0.0,0.0,0.0,0.0,0.0,0.0,0.0,0.0,0.0,0.0,0.0,0.0,0.7734865788563827,0.0,0.0,0.0,0.0,0.0,0.0,0.0,0.0,0.0,0.0,0.0,0.0,0.0,0.0,0.0,0.42654526158809386,0.0,0.0,0.0,0.0,0.0,0.0,0.0,0.0,0.23765166029043627,0.0,0.0,0.0,0.0,0.0,0.0,0.0,0.0,0.0,0.0,0.0,0.0,0.0,0.0,0.0,0.0,0.0,0.0,0.0,0.0,0.0,0.0,0.0,0.0,0.0,0.0,0.0,0.0,0.0,0.0,0.0,0.40417296995928953,0.0,0.0,0.0,0.0,0.0,0.0,0.0,0.0,0.0,0.0,0.0,0.0,0.0,0.0,0.0,0.0,0.0,0.0,0.0,0.0,0.0,0.0,0.0,0.0,0.0,0.0,0.0,0.0,0.0,0.0,0.0,0.0,0.0,0.0,0.0,0.0,0.0,0.0,0.0,0.0,0.0,0.0,0.0,0.0,0.0,0.0,0.0,0.0,0.0,0.0,0.0,0.0,0.0,0.0,0.0,0.0,0.0,0.0,0.0,0.0,0.0,0.46557644515450325,0.0,0.35013037333341174,0.0,0.0,0.0,0.0,0.0,0.0,0.5141599172100054,0.0,0.0,0.0,0.0,0.0,0.0,0.0,0.0,0.0,0.0,0.0,0.0,0.0,0.0,0.0,0.0,0.3606530957416395,0.0,0.0,0.0,0.0,0.0,0.0,0.0,0.0,0.0,0.0,0.0,0.0,0.0,0.0,0.0,0.38666690645415697,0.0,0.0,0.0,0.0,0.0,0.0,0.0,0.0,0.0,0.0,0.0,0.0,0.0,0.0,0.0,0.0,0.0,0.0,0.0,0.0,0.0,0.0,0.0,0.0,0.0,0.0,0.0,0.0,0.0,1.3045136984034207,0.0,0.0,0.0,0.0,0.0,0.0,0.0,0.0,0.0,0.0,0.0,0.0,0.0,0.0,0.3868196724022257,0.0,0.0,0.0,0.0,0.15301504678106181,0.0,0.0,0.0,0.0,0.0,0.0,0.0,0.0,0.0,0.0,0.5372258848218668,0.0,0.0,0.4263768068896137,0.0,0.0,0.0,0.0,0.0,0.0,0.0,0.0,0.0,0.0,0.0,0.0,0.0,0.0,0.0,0.0,0.0,0.0,0.0,0.0,0.0,0.4040133507068453,0.0,0.0,0.0,0.0,0.0,0.0,5.0,2.0,2.0,1.0,0.2485899015329778,0.4300763476639986,0.3213337374851107,0.4300763476639986,Positive,Negative,182.57,185.36,175.3,175.94,174.946273413675,7110752.0,0.0,1.0,-0.0369906333,-0.0542048185,0.0063739982,-0.0172141852,-1.69555923,0.0,1.0,0.0,1.0,0.0,0.0,0.0,1.0,0.04,0.07,0.07,0.705,0.07,0.08,0.1,0.11
42,2022-05-02,0.0,0.0,0.0,0.0,0.0,0.0,0.0,0.0,0.0,0.6027341034557215,0.0,0.0,0.0,0.3684579471200001,0.0,0.0,0.0,0.0,0.3827945166401615,0.0,0.5265641347005742,0.6027341034557215,0.30439463614581147,0.0,0.0,0.0,0.0,0.0,0.0,0.30025515982461964,0.0,0.0,0.0,0.0,0.0,0.0,0.4568818820108792,0.0,0.6027341034557215,0.0,0.0,0.0,0.0,0.3827945166401615,0.4220112250576563,0.0,0.6027341034557215,0.0,0.0,0.0,0.0,0.0,0.0,0.0,0.0,0.0,0.0,0.0,0.0,0.0,0.0,0.0,0.0,0.0,0.3344192111697206,0.0,0.0,0.0,0.0,0.25465441849095466,0.0,0.4334545421608478,0.3909853779783082,0.0,0.0,0.0,0.0,0.0,0.0,0.0,0.0,0.42587291301645214,0.0,0.0,0.0,0.0,0.5265641347005742,0.0,0.0,0.0,0.0,1.052518263820835,0.0,0.0,0.0,0.0,0.0,0.0,0.0,0.0,0.0,0.0,0.0,0.0,0.0,0.0,0.35598451222536176,0.6027341034557215,0.0,0.0,0.0,0.0,0.36271695083085953,0.0,0.0,0.0,0.6029077341707014,0.0,0.6029077341707014,0.5096245109159953,0.0,0.0,0.0,0.0,0.0,0.0,0.0,0.0,0.0,0.0,0.0,0.0,0.0,0.0,0.0,0.0,0.0,0.36929244832283953,0.0,0.7087401465436658,0.0,0.0,0.0,0.2802673918546994,0.48200755929771066,0.0,0.0,0.0,0.0,0.0,0.0,0.8869596017298547,0.0,0.0,0.0,0.0,0.0,0.0,0.0,0.0,0.0,0.5224983522981691,0.0,0.4888082785189527,0.0,0.38213497279950404,0.8926592710845571,0.0,0.0,0.0,0.0,0.0,0.0,0.3991438537857712,0.0,0.0,0.0,0.0,0.8698745153363646,0.0,0.0,0.0,0.0,0.0,0.0,0.0,0.0,0.0,0.0,0.3863033538855972,0.0,0.0,0.0,0.0,0.0,0.0,0.0,0.0,0.0,0.0,0.0,0.5484586887460611,0.0,0.0,0.0,0.4220112250576563,0.0,0.0,0.0,0.0,0.0,0.0,0.0,0.0,0.0,0.0,0.0,0.46463675956283607,0.0,0.0,0.0,0.0,0.0,0.4121187307078678,0.0,0.0,0.0,0.0,0.3827945166401615,0.0,0.0,0.0,0.0,0.0,0.0,0.895265715586071,0.38752361631156246,0.0,0.0,0.0,0.0,0.4143309417339773,0.0,0.0,0.0,0.0,0.0,0.4334545421608478,0.37518040693793103,0.0,0.0,0.0,0.0,0.0,0.0,0.5277911997439486,0.0,0.0,0.0,0.0,0.0,0.0,0.46463675956283607,0.0,0.0,0.0,0.0,0.0,0.0,0.0,0.0,0.0,0.0,0.3909853779783082,0.0,0.0,0.0,0.0,0.0,0.0,0.0,0.38378588055641283,0.0,0.0,0.0,0.0,0.0,0.0,0.8177616181565432,0.0,0.0,0.4409432672554265,0.0,0.0,0.0,0.0,0.0,0.0,9.0,2.0,6.0,1.0,0.212920139543712,0.6557861852149168,0.1312937092863851,0.6557861852149168,Positive,Positive,175.09,177.78,173.12,177.57,176.567067011858,6278442.0,0.0,1.0,0.0140647699,0.0092218695,-0.0418335337,-0.0048429004,0.60415884,0.0,0.0,0.0,0.0,0.0,1.0,0.0,0.0,0.19,0.04,0.22,0.12,0.73,0.11,0.04,0.06
43,2022-05-03,0.0,0.0,0.0,0.0,0.0,0.0,0.0,0.0,0.0,0.0,0.0,0.0,0.0,0.41610093257490544,0.0,0.0,0.0,0.6867896922278905,0.0,0.0,0.0,0.0,0.38707125883319565,0.0,0.0,0.0,0.0,0.0,0.0,0.38180745940873273,0.0,0.0,0.0,0.329054893269729,0.0,0.0,0.0,0.0,0.0,0.0,0.0,0.0,0.0,0.0,0.6492214960332428,0.0,0.0,0.0,0.0,0.0,0.0,0.0,0.0,0.0,0.0,0.0,0.0,0.0,0.0,0.0,0.0,0.0,0.0,0.0,0.0,0.0,0.0,0.0,0.0,0.32982364079187826,0.0,0.5212420182618029,0.44154124418149937,0.0,0.0,0.0,0.0,0.0,0.0,0.0,0.34726915444324824,0.27074020887987055,0.3416295582933615,0.0,0.265006539294629,0.0,0.33475264441618613,0.0,0.0,0.0,0.4859266471924273,0.0,0.0,0.0,0.0,0.0,0.0,0.0,0.3416295582933615,0.0,0.0,0.0,0.0,0.0,0.0,0.0,0.40201463607176335,0.0,0.0,0.0,0.7458814274401853,0.0,0.0,0.0,0.0,0.0,0.0,0.0,0.0,0.6128386780797971,0.0,0.0,0.0,0.0,0.0,0.0,0.0,0.0,0.0,0.0,0.0,0.38317618256768426,0.0,0.0,0.0,0.0,0.29845643662686566,0.0,0.0,0.27556007836549834,0.0,0.0,0.0,0.21302709522869287,0.0,0.0,0.0,0.0,0.0,0.0,0.0,0.0,0.0,0.0,0.0,0.0,0.0,0.0,0.0,0.0,0.0,0.0,0.0,0.0,0.0,0.0,0.0,0.0,0.0,0.0,0.0,0.0,0.0,0.0,0.0,0.0,0.0,0.0,0.48396999421475956,0.0,0.0,0.0,0.0,0.0,0.0,0.0,0.0,0.0,0.0,0.0,0.0,0.0,0.0,0.0,0.0,0.0,0.0,0.0,0.0,0.0,0.0,0.0,0.0,0.0,0.0,0.0,0.2732017794128934,0.0,0.0,0.0,0.0,0.0,0.0,0.0,0.0,0.0,0.0,0.5247160238335482,0.0,0.0,0.0,0.0,0.0,0.26199626185393216,0.0,0.0,0.2732017794128934,0.3237110938408378,0.0,0.0,0.0,0.0,0.0,0.0,0.0,1.0,0.0,0.0,0.5607078616484639,0.0,0.0,0.0,0.0,0.0,0.7158952158104352,0.0,0.0,0.0,0.0,0.0,0.0,0.0,0.0,0.0,0.0,0.46927648421069795,0.0,0.0,0.0,0.0,0.0,0.0,0.0,0.0,0.0,0.24398421757096866,0.0,0.0,0.0,0.0,0.0,0.0,0.0,0.44154124418149937,0.31492681469957456,0.0,0.0,0.0,0.0,0.0,0.0,0.0,0.3474897010022355,0.0,0.0,0.0,0.0,0.0,0.0,0.0,0.0,0.0,0.0,0.0,0.0,0.0,0.0,0.0,8.0,2.0,5.0,1.0,0.2339006920810789,0.6674198545515537,0.0986794486525468,0.6674198545515537,Positive,Positive,176.95,180.385,176.13,178.36,177.352605013431,5047686.0,0.0,1.0,0.007936773,0.0044390824,0.0105670794,-0.0034976906,0.32813193,0.0,0.0,0.0,0.0,0.0,0.0,0.0,0.0,0.77,0.08,0.06,0.115,0.17,0.71,0.21,0.77
44,2022-05-04,0.0,0.0,0.0,0.0,0.0,0.0,0.0,0.0,0.0,0.0,0.0,0.0,0.0,0.0,0.0,0.0,0.0,0.0,0.0,0.0,0.0,0.0,0.0,0.0,0.0,0.0,0.0,0.0,0.0,0.0,0.0,0.0,0.0,0.0,0.0,0.0,0.0,0.0,0.0,0.3510909006461804,0.0,0.0,0.0,0.0,0.0,0.0,0.0,0.0,0.0,0.0,0.0,0.0,0.0,0.0,0.0,0.0,0.0,0.0,0.0,0.0,0.0,0.0,0.0,0.0,0.32370017936579204,0.0,0.0,0.0,0.0,0.0,0.0,0.0,0.46900476918525497,0.0,0.0,0.0,0.0,0.0,0.0,0.0,0.0,0.0,0.0,0.0,0.0,0.0,0.0,0.0,0.0,0.0,0.0,0.0,0.0,0.0,0.30426615333909585,0.0,0.0,0.0,0.0,0.0,0.0,0.0,0.0,0.0,0.0,0.0,0.42701963652217245,0.0,0.0,0.0,0.0,0.0,0.0,0.0,0.0,0.0,0.0,0.0,0.0,0.0,0.0,0.0,0.0,0.0,0.0,0.0,0.0,0.0,0.0,0.0,0.0,0.0,0.0,0.0,0.0,0.0,0.0,0.0,0.0,0.0,0.0,0.0,0.0,0.45458600528741516,0.0,0.0,0.0,0.0,0.0,0.0,0.0,0.0,0.0,0.0,0.0,0.0,0.0,0.0,0.0,0.0,0.0,0.0,0.0,0.0,0.0,0.0,0.0,0.0,0.0,0.0,0.0,0.0,0.0,0.0,0.0,0.0,0.0,0.0,0.16815173575038653,0.0,0.0,0.0,0.0,0.0,0.0,0.0,0.0,0.0,0.0,0.0,0.0,0.0,0.0,0.0,0.0,0.0,0.0,0.0,0.0,0.0,0.0,0.0,0.0,0.0,0.0,0.0,0.0,0.0,0.0,0.0,0.0,0.0,0.0,0.0,0.0,0.0,0.0,0.0,0.0,0.0,0.0,0.0,0.0,0.0,0.0,0.0,0.0,0.0,0.0,0.0,0.0,0.5434202805522936,0.0,0.0,0.0,0.0,0.0,0.0,0.0,0.0,0.0,0.0,0.0,0.0,0.0,0.0,0.0,0.0,0.0,0.0,0.0,0.0,0.0,0.0,0.0,0.0,0.0,0.0,0.0,0.0,0.0,0.0,0.0,0.0,0.32370017936579204,0.0,0.0,0.0,0.0,0.0,0.516497710217602,0.0,0.0,0.46900476918525497,0.0,0.0,0.0,0.0,0.0,0.0,0.6617586523986221,0.23592863658443505,0.0,0.0,0.0,0.0,0.0,0.0,0.0,0.0,0.0,0.0,0.0,0.0,0.0,0.0,0.5329239262532353,0.0,4.0,2.0,1.0,1.0,0.4353505312465131,0.3000861923210323,0.2645632948260754,0.3000861923210323,Positive,Positive,179.71,185.98,174.74,185.48,184.432390546598,7524761.0,0.0,1.0,0.031602619,0.0391430798,0.0154772338,0.0075404608,1.39412633,1.0,0.0,1.0,0.0,0.0,0.0,1.0,0.0,0.19,0.66,0.04,0.045,0.1,0.08,0.01,0.85
45,2022-05-05,0.0,0.0,0.0,0.0,0.0,0.0,0.0,0.0,0.0,0.0,0.0,0.0,0.0,0.4887959744793244,0.0,0.0,0.0,0.0,0.0,0.0,0.0,0.0,0.0,0.0,0.0,0.0,0.0,0.0,0.0,0.8739182341273232,0.0,0.0,0.6349754686379995,0.0,0.0,0.0,0.0,0.0,0.0,0.0,0.0,0.0,0.7766995944707185,0.0,0.0,0.0,0.0,0.0,0.0,0.0,0.0,0.0,0.0,0.0,0.0,0.0,0.0,0.0,0.0,0.0,0.0,0.0,0.0,0.0,0.0,0.0,0.0,0.0,0.0,0.0,0.0,0.0,0.5186808435803189,0.0,0.0,0.0,0.0,0.0,0.0,0.0,0.0,0.0,0.0,0.0,1.0000473571030146,0.0,0.0,0.0,0.0,0.0,0.0,0.0,0.0,0.0,0.0,0.0,0.0,0.0,0.0,0.0,0.0,0.41773885055764787,0.0,0.0,0.0,0.0,0.4722487271961942,0.0,0.336428752100197,0.0,0.0,0.0,0.0,0.0,0.0,0.0,0.0,0.0,0.0,0.0,0.0,0.0,0.0,0.0,0.0,0.0,0.0,0.0,0.0,0.0,0.0,0.0,0.0,0.0,0.0,0.0,0.0,0.0,0.0,0.0,0.0,0.0,0.0,0.0,0.0,0.0,0.0,0.0,0.0,0.6755038917156855,0.0,0.0,0.0,0.0,0.0,0.0,0.0,0.0,0.0,0.0,0.0,0.0,0.0,0.0,0.0,0.0,0.0,0.0,0.0,0.0,0.0,0.0,0.0,0.0,0.0,0.0,0.0,0.0,0.0,0.0,0.0,0.0,0.5252063407008072,0.0,0.0,0.4408620579069631,0.0,0.0,0.32943498257283843,0.0,0.0,0.0,0.5272257673543295,0.0,0.0,0.0,0.0,0.0,0.0,0.0,0.0,0.0,0.0,0.0,0.0,0.0,0.4432573043324388,0.0,0.0,0.0,0.0,0.0,0.0,0.0,0.0,0.0,0.0,0.0,0.0,0.0,0.0,0.0,0.0,0.0,0.0,0.0,0.0,0.0,0.0,0.0,0.0,0.0,0.0,0.0,0.0,0.0,0.3916355164365414,0.0,0.0,0.0,0.0,0.0,0.0,0.0,0.0,0.0,0.0,0.0,0.0,0.0,0.0,0.0,0.0,0.0,0.0,0.7320384522742802,0.0,0.0,0.0,0.0,0.0,0.0,0.0,0.0,0.0,0.2807152144331347,0.0,0.3440895598499929,0.6853834603359708,0.0,0.4326100346207256,0.0,0.0,0.5186808435803189,0.0,0.0,0.0,0.30631177522352315,0.0,0.0,0.6853834603359708,0.0,0.0,0.0,0.0,0.0,0.0,0.0,0.0,0.6016710162368277,0.0,0.0,0.0,0.0,0.0,0.0,0.0,0.0,7.0,1.0,4.0,2.0,0.1522380326475415,0.5961072732295308,0.2516547138137476,0.5961072732295308,Negative,Positive,180.49,182.235,169.82,172.3,171.326832495033,8379395.0,0.0,1.0,-0.046438231,-0.073709916,0.004330934,-0.0272716849,-2.12111284,0.0,1.0,0.0,1.0,0.0,0.0,0.0,1.0,0.1,0.13,0.07,0.735,0.22,0.39,0.1,0.46
46,2022-05-06,0.0,0.0,0.0,0.0,0.0,0.0,0.0,0.0,0.0,0.0,0.0,0.0,0.0,0.0,0.0,0.0,0.0,0.0,0.0,0.0,0.0,0.0,0.0,0.0,0.0,0.0,0.0,0.5039482754228096,0.0,0.0,0.0,0.0,0.0,0.0,0.0,0.0,0.0,0.0,0.0,0.0,0.0,0.0,0.0,0.0,0.0,0.0,0.0,0.4002770643578572,0.0,0.4002770643578572,0.0,0.0,0.0,0.726530303657003,0.0,0.0,0.0,0.0,0.0,0.0,0.0,0.0,0.0,0.34969241797608847,0.0,0.0,0.0,0.0,0.0,0.0,0.0,0.0,0.0,0.0,0.0,0.0,0.0,0.0,0.0,0.3384427759847989,0.4002770643578572,0.0,0.0,0.0,0.0,0.0,0.0,0.0,0.0,0.0,0.0,0.0,0.0,0.0,0.0,0.0,0.0,0.0,0.0,0.0,0.0,0.0,0.0,0.0,0.0,0.0,0.0,0.0,0.0,0.0,0.0,0.0,0.0,0.0,0.0,0.0,0.0,0.0,0.0,0.0,0.0,0.0,0.0,0.0,0.0,0.0,0.0,0.0,0.0,0.0,0.0,0.0,0.0,0.5265561338144783,0.0,0.0,0.0,0.0,0.0,0.0,0.0,0.0,0.0,0.0,0.0,0.0,0.4698584859869989,0.0,0.0,0.0,0.0,0.0,0.0,0.0,0.0,0.0,0.0,0.0,0.0,0.0,0.0,0.0,0.0,0.0,0.0,0.0,0.0,0.0,0.0,0.0,0.0,0.0,0.0,0.0,0.0,0.0,0.0,0.0,0.0,0.0,0.0,0.4002770643578572,0.0,0.0,0.0,0.0,0.0,0.0,0.0,0.0,0.0,0.34969241797608847,0.0,0.0,0.0,0.0,0.0,0.0,0.0,0.0,0.0,0.0,0.0,0.0,0.0,0.0,0.0,0.0,0.0,0.0,0.0,0.0,0.0,0.0,0.0,0.0,0.0,0.0,0.0,0.0,0.0,0.0,0.0,0.0,0.0,0.0,0.0,0.0,0.0,0.0,0.0,0.0,0.0,0.0,0.0,0.0,0.0,0.0,0.0,0.0,0.0,0.0,0.0,0.0,0.0,0.0,0.0,0.0,0.0,0.0,0.0,0.0,0.0,0.0,0.0,0.4745909498162633,0.0,0.0,0.0,0.0,0.0,0.0,0.0,0.0,0.0,0.0,0.0,0.0,0.0,0.0,0.0,0.0,0.0,0.0,0.0,0.0,0.0,0.0,0.0,0.0,0.0,0.0,0.0,0.0,0.6296334663505796,0.0,0.0,0.0,0.0,0.0,0.0,0.0,0.0,0.0,0.0,0.0,0.0,0.0,4.0,0.0,2.0,2.0,0.0164338178001343,0.4330308847129345,0.550535318441689,0.4330308847129345,Negative,Positive,169.49,172.43,165.58,169.7,168.741517553147,7232666.0,0.0,1.0,0.0012382442,-0.0152049713,-0.0628814465,-0.0164432155,0.02640622,0.0,0.0,0.0,0.0,0.0,1.0,0.0,1.0,0.36,0.09,0.09,0.47,0.2,0.17,0.17,0.53
